"","flag_iso3","development_status","percent_removed","run_id","run_name","run_group"
"1","AFG","LDC",0,"TN/RL/W/276/Rev.1","Chair's text - Consolidated text (June 2021) (TN/RL/W/276/Rev.1)","Other"
"2","AFG","LDC",0,"TN/RL/W/276/Rev.1 | Management exemption","Chair's text - Consolidated text (June 2021) - Management exemption (TN/RL/W/276/Rev.1 | Management exemption)","Other"
"3","AFG","LDC",0,"TN/RL/W/276/Rev.1 | Sustainability scenario","Chair's text - Consolidated text (June 2021) - Sustainability scenario (TN/RL/W/276/Rev.1 | Sustainability scenario)","Other"
"4","AGO","LDC",0,"TN/RL/W/276/Rev.1","Chair's text - Consolidated text (June 2021) (TN/RL/W/276/Rev.1)","Other"
"5","AGO","LDC",0,"TN/RL/W/276/Rev.1 | Management exemption","Chair's text - Consolidated text (June 2021) - Management exemption (TN/RL/W/276/Rev.1 | Management exemption)","Other"
"6","AGO","LDC",77.68,"TN/RL/W/276/Rev.1 | Sustainability scenario","Chair's text - Consolidated text (June 2021) - Sustainability scenario (TN/RL/W/276/Rev.1 | Sustainability scenario)","Other"
"7","AIA","Developed",100,"TN/RL/W/276/Rev.1","Chair's text - Consolidated text (June 2021) (TN/RL/W/276/Rev.1)","Other"
"8","AIA","Developed",100,"TN/RL/W/276/Rev.1 | Management exemption","Chair's text - Consolidated text (June 2021) - Management exemption (TN/RL/W/276/Rev.1 | Management exemption)","Other"
"9","AIA","Developed",100,"TN/RL/W/276/Rev.1 | Sustainability scenario","Chair's text - Consolidated text (June 2021) - Sustainability scenario (TN/RL/W/276/Rev.1 | Sustainability scenario)","Other"
"10","ALB","Developed",73.27,"TN/RL/W/276/Rev.1","Chair's text - Consolidated text (June 2021) (TN/RL/W/276/Rev.1)","Other"
"11","ALB","Developed",73.27,"TN/RL/W/276/Rev.1 | Management exemption","Chair's text - Consolidated text (June 2021) - Management exemption (TN/RL/W/276/Rev.1 | Management exemption)","Other"
"12","ALB","Developed",100,"TN/RL/W/276/Rev.1 | Sustainability scenario","Chair's text - Consolidated text (June 2021) - Sustainability scenario (TN/RL/W/276/Rev.1 | Sustainability scenario)","Other"
"13","ARE","Developing",0,"TN/RL/W/276/Rev.1","Chair's text - Consolidated text (June 2021) (TN/RL/W/276/Rev.1)","Other"
"14","ARE","Developing",0.95,"TN/RL/W/276/Rev.1 | Management exemption","Chair's text - Consolidated text (June 2021) - Management exemption (TN/RL/W/276/Rev.1 | Management exemption)","Other"
"15","ARE","Developing",20.76,"TN/RL/W/276/Rev.1 | Sustainability scenario","Chair's text - Consolidated text (June 2021) - Sustainability scenario (TN/RL/W/276/Rev.1 | Sustainability scenario)","Other"
"16","ARG","Developing",2.93,"TN/RL/W/276/Rev.1","Chair's text - Consolidated text (June 2021) (TN/RL/W/276/Rev.1)","Other"
"17","ARG","Developing",2.93,"TN/RL/W/276/Rev.1 | Management exemption","Chair's text - Consolidated text (June 2021) - Management exemption (TN/RL/W/276/Rev.1 | Management exemption)","Other"
"18","ARG","Developing",95.79,"TN/RL/W/276/Rev.1 | Sustainability scenario","Chair's text - Consolidated text (June 2021) - Sustainability scenario (TN/RL/W/276/Rev.1 | Sustainability scenario)","Other"
"19","ATF","Developed",39.02,"TN/RL/W/276/Rev.1","Chair's text - Consolidated text (June 2021) (TN/RL/W/276/Rev.1)","Other"
"20","ATF","Developed",39.02,"TN/RL/W/276/Rev.1 | Management exemption","Chair's text - Consolidated text (June 2021) - Management exemption (TN/RL/W/276/Rev.1 | Management exemption)","Other"
"21","ATF","Developed",100,"TN/RL/W/276/Rev.1 | Sustainability scenario","Chair's text - Consolidated text (June 2021) - Sustainability scenario (TN/RL/W/276/Rev.1 | Sustainability scenario)","Other"
"22","AUS","Developed",1.56,"TN/RL/W/276/Rev.1","Chair's text - Consolidated text (June 2021) (TN/RL/W/276/Rev.1)","Other"
"23","AUS","Developed",1.56,"TN/RL/W/276/Rev.1 | Management exemption","Chair's text - Consolidated text (June 2021) - Management exemption (TN/RL/W/276/Rev.1 | Management exemption)","Other"
"24","AUS","Developed",100,"TN/RL/W/276/Rev.1 | Sustainability scenario","Chair's text - Consolidated text (June 2021) - Sustainability scenario (TN/RL/W/276/Rev.1 | Sustainability scenario)","Other"
"25","BEL","Developed",1.63,"TN/RL/W/276/Rev.1","Chair's text - Consolidated text (June 2021) (TN/RL/W/276/Rev.1)","Other"
"26","BEL","Developed",1.63,"TN/RL/W/276/Rev.1 | Management exemption","Chair's text - Consolidated text (June 2021) - Management exemption (TN/RL/W/276/Rev.1 | Management exemption)","Other"
"27","BEL","Developed",100,"TN/RL/W/276/Rev.1 | Sustainability scenario","Chair's text - Consolidated text (June 2021) - Sustainability scenario (TN/RL/W/276/Rev.1 | Sustainability scenario)","Other"
"28","BES","Developed",99.9,"TN/RL/W/276/Rev.1","Chair's text - Consolidated text (June 2021) (TN/RL/W/276/Rev.1)","Other"
"29","BES","Developed",99.9,"TN/RL/W/276/Rev.1 | Management exemption","Chair's text - Consolidated text (June 2021) - Management exemption (TN/RL/W/276/Rev.1 | Management exemption)","Other"
"30","BES","Developed",100,"TN/RL/W/276/Rev.1 | Sustainability scenario","Chair's text - Consolidated text (June 2021) - Sustainability scenario (TN/RL/W/276/Rev.1 | Sustainability scenario)","Other"
"31","BGR","Developing",0.05,"TN/RL/W/276/Rev.1","Chair's text - Consolidated text (June 2021) (TN/RL/W/276/Rev.1)","Other"
"32","BGR","Developing",0.05,"TN/RL/W/276/Rev.1 | Management exemption","Chair's text - Consolidated text (June 2021) - Management exemption (TN/RL/W/276/Rev.1 | Management exemption)","Other"
"33","BGR","Developing",29.07,"TN/RL/W/276/Rev.1 | Sustainability scenario","Chair's text - Consolidated text (June 2021) - Sustainability scenario (TN/RL/W/276/Rev.1 | Sustainability scenario)","Other"
"34","BHR","Developing",1.1,"TN/RL/W/276/Rev.1","Chair's text - Consolidated text (June 2021) (TN/RL/W/276/Rev.1)","Other"
"35","BHR","Developing",17.18,"TN/RL/W/276/Rev.1 | Management exemption","Chair's text - Consolidated text (June 2021) - Management exemption (TN/RL/W/276/Rev.1 | Management exemption)","Other"
"36","BHR","Developing",33.75,"TN/RL/W/276/Rev.1 | Sustainability scenario","Chair's text - Consolidated text (June 2021) - Sustainability scenario (TN/RL/W/276/Rev.1 | Sustainability scenario)","Other"
"37","BLZ","Developing",97.05,"TN/RL/W/276/Rev.1","Chair's text - Consolidated text (June 2021) (TN/RL/W/276/Rev.1)","Other"
"38","BLZ","Developing",97.05,"TN/RL/W/276/Rev.1 | Management exemption","Chair's text - Consolidated text (June 2021) - Management exemption (TN/RL/W/276/Rev.1 | Management exemption)","Other"
"39","BLZ","Developing",97.64,"TN/RL/W/276/Rev.1 | Sustainability scenario","Chair's text - Consolidated text (June 2021) - Sustainability scenario (TN/RL/W/276/Rev.1 | Sustainability scenario)","Other"
"40","BMU","Developed",100,"TN/RL/W/276/Rev.1","Chair's text - Consolidated text (June 2021) (TN/RL/W/276/Rev.1)","Other"
"41","BMU","Developed",100,"TN/RL/W/276/Rev.1 | Management exemption","Chair's text - Consolidated text (June 2021) - Management exemption (TN/RL/W/276/Rev.1 | Management exemption)","Other"
"42","BMU","Developed",100,"TN/RL/W/276/Rev.1 | Sustainability scenario","Chair's text - Consolidated text (June 2021) - Sustainability scenario (TN/RL/W/276/Rev.1 | Sustainability scenario)","Other"
"43","BOL","Developing",0,"TN/RL/W/276/Rev.1","Chair's text - Consolidated text (June 2021) (TN/RL/W/276/Rev.1)","Other"
"44","BOL","Developing",0,"TN/RL/W/276/Rev.1 | Management exemption","Chair's text - Consolidated text (June 2021) - Management exemption (TN/RL/W/276/Rev.1 | Management exemption)","Other"
"45","BOL","Developing",0,"TN/RL/W/276/Rev.1 | Sustainability scenario","Chair's text - Consolidated text (June 2021) - Sustainability scenario (TN/RL/W/276/Rev.1 | Sustainability scenario)","Other"
"46","BRA","Developing",8.41,"TN/RL/W/276/Rev.1","Chair's text - Consolidated text (June 2021) (TN/RL/W/276/Rev.1)","Other"
"47","BRA","Developing",78.32,"TN/RL/W/276/Rev.1 | Management exemption","Chair's text - Consolidated text (June 2021) - Management exemption (TN/RL/W/276/Rev.1 | Management exemption)","Other"
"48","BRA","Developing",82.66,"TN/RL/W/276/Rev.1 | Sustainability scenario","Chair's text - Consolidated text (June 2021) - Sustainability scenario (TN/RL/W/276/Rev.1 | Sustainability scenario)","Other"
"49","CAN","Developed",82.36,"TN/RL/W/276/Rev.1","Chair's text - Consolidated text (June 2021) (TN/RL/W/276/Rev.1)","Other"
"50","CAN","Developed",82.36,"TN/RL/W/276/Rev.1 | Management exemption","Chair's text - Consolidated text (June 2021) - Management exemption (TN/RL/W/276/Rev.1 | Management exemption)","Other"
"51","CAN","Developed",100,"TN/RL/W/276/Rev.1 | Sustainability scenario","Chair's text - Consolidated text (June 2021) - Sustainability scenario (TN/RL/W/276/Rev.1 | Sustainability scenario)","Other"
"52","CHE","Developed",0,"TN/RL/W/276/Rev.1","Chair's text - Consolidated text (June 2021) (TN/RL/W/276/Rev.1)","Other"
"53","CHE","Developed",0,"TN/RL/W/276/Rev.1 | Management exemption","Chair's text - Consolidated text (June 2021) - Management exemption (TN/RL/W/276/Rev.1 | Management exemption)","Other"
"54","CHE","Developed",0,"TN/RL/W/276/Rev.1 | Sustainability scenario","Chair's text - Consolidated text (June 2021) - Sustainability scenario (TN/RL/W/276/Rev.1 | Sustainability scenario)","Other"
"55","CHL","Developing",21.75,"TN/RL/W/276/Rev.1","Chair's text - Consolidated text (June 2021) (TN/RL/W/276/Rev.1)","Other"
"56","CHL","Developing",21.75,"TN/RL/W/276/Rev.1 | Management exemption","Chair's text - Consolidated text (June 2021) - Management exemption (TN/RL/W/276/Rev.1 | Management exemption)","Other"
"57","CHL","Developing",87.29,"TN/RL/W/276/Rev.1 | Sustainability scenario","Chair's text - Consolidated text (June 2021) - Sustainability scenario (TN/RL/W/276/Rev.1 | Sustainability scenario)","Other"
"58","CHN","Developing",35.94,"TN/RL/W/276/Rev.1","Chair's text - Consolidated text (June 2021) (TN/RL/W/276/Rev.1)","Other"
"59","CHN","Developing",63.67,"TN/RL/W/276/Rev.1 | Management exemption","Chair's text - Consolidated text (June 2021) - Management exemption (TN/RL/W/276/Rev.1 | Management exemption)","Other"
"60","CHN","Developing",71,"TN/RL/W/276/Rev.1 | Sustainability scenario","Chair's text - Consolidated text (June 2021) - Sustainability scenario (TN/RL/W/276/Rev.1 | Sustainability scenario)","Other"
"61","CIV","Developing",99.91,"TN/RL/W/276/Rev.1","Chair's text - Consolidated text (June 2021) (TN/RL/W/276/Rev.1)","Other"
"62","CIV","Developing",99.91,"TN/RL/W/276/Rev.1 | Management exemption","Chair's text - Consolidated text (June 2021) - Management exemption (TN/RL/W/276/Rev.1 | Management exemption)","Other"
"63","CIV","Developing",99.93,"TN/RL/W/276/Rev.1 | Sustainability scenario","Chair's text - Consolidated text (June 2021) - Sustainability scenario (TN/RL/W/276/Rev.1 | Sustainability scenario)","Other"
"64","CMR","Developing",1.71,"TN/RL/W/276/Rev.1","Chair's text - Consolidated text (June 2021) (TN/RL/W/276/Rev.1)","Other"
"65","CMR","Developing",1.71,"TN/RL/W/276/Rev.1 | Management exemption","Chair's text - Consolidated text (June 2021) - Management exemption (TN/RL/W/276/Rev.1 | Management exemption)","Other"
"66","CMR","Developing",66.07,"TN/RL/W/276/Rev.1 | Sustainability scenario","Chair's text - Consolidated text (June 2021) - Sustainability scenario (TN/RL/W/276/Rev.1 | Sustainability scenario)","Other"
"67","COD","LDC",0,"TN/RL/W/276/Rev.1","Chair's text - Consolidated text (June 2021) (TN/RL/W/276/Rev.1)","Other"
"68","COD","LDC",0,"TN/RL/W/276/Rev.1 | Management exemption","Chair's text - Consolidated text (June 2021) - Management exemption (TN/RL/W/276/Rev.1 | Management exemption)","Other"
"69","COD","LDC",0,"TN/RL/W/276/Rev.1 | Sustainability scenario","Chair's text - Consolidated text (June 2021) - Sustainability scenario (TN/RL/W/276/Rev.1 | Sustainability scenario)","Other"
"70","COG","Developing",42.15,"TN/RL/W/276/Rev.1","Chair's text - Consolidated text (June 2021) (TN/RL/W/276/Rev.1)","Other"
"71","COG","Developing",42.15,"TN/RL/W/276/Rev.1 | Management exemption","Chair's text - Consolidated text (June 2021) - Management exemption (TN/RL/W/276/Rev.1 | Management exemption)","Other"
"72","COG","Developing",53.72,"TN/RL/W/276/Rev.1 | Sustainability scenario","Chair's text - Consolidated text (June 2021) - Sustainability scenario (TN/RL/W/276/Rev.1 | Sustainability scenario)","Other"
"73","COK","Developing",0,"TN/RL/W/276/Rev.1","Chair's text - Consolidated text (June 2021) (TN/RL/W/276/Rev.1)","Other"
"74","COK","Developing",0,"TN/RL/W/276/Rev.1 | Management exemption","Chair's text - Consolidated text (June 2021) - Management exemption (TN/RL/W/276/Rev.1 | Management exemption)","Other"
"75","COK","Developing",0,"TN/RL/W/276/Rev.1 | Sustainability scenario","Chair's text - Consolidated text (June 2021) - Sustainability scenario (TN/RL/W/276/Rev.1 | Sustainability scenario)","Other"
"76","COL","Developing",99,"TN/RL/W/276/Rev.1","Chair's text - Consolidated text (June 2021) (TN/RL/W/276/Rev.1)","Other"
"77","COL","Developing",99,"TN/RL/W/276/Rev.1 | Management exemption","Chair's text - Consolidated text (June 2021) - Management exemption (TN/RL/W/276/Rev.1 | Management exemption)","Other"
"78","COL","Developing",99.81,"TN/RL/W/276/Rev.1 | Sustainability scenario","Chair's text - Consolidated text (June 2021) - Sustainability scenario (TN/RL/W/276/Rev.1 | Sustainability scenario)","Other"
"79","COM","LDC",0,"TN/RL/W/276/Rev.1","Chair's text - Consolidated text (June 2021) (TN/RL/W/276/Rev.1)","Other"
"80","COM","LDC",0,"TN/RL/W/276/Rev.1 | Management exemption","Chair's text - Consolidated text (June 2021) - Management exemption (TN/RL/W/276/Rev.1 | Management exemption)","Other"
"81","COM","LDC",99.77,"TN/RL/W/276/Rev.1 | Sustainability scenario","Chair's text - Consolidated text (June 2021) - Sustainability scenario (TN/RL/W/276/Rev.1 | Sustainability scenario)","Other"
"82","CRI","Developing",100,"TN/RL/W/276/Rev.1","Chair's text - Consolidated text (June 2021) (TN/RL/W/276/Rev.1)","Other"
"83","CRI","Developing",100,"TN/RL/W/276/Rev.1 | Management exemption","Chair's text - Consolidated text (June 2021) - Management exemption (TN/RL/W/276/Rev.1 | Management exemption)","Other"
"84","CRI","Developing",100,"TN/RL/W/276/Rev.1 | Sustainability scenario","Chair's text - Consolidated text (June 2021) - Sustainability scenario (TN/RL/W/276/Rev.1 | Sustainability scenario)","Other"
"85","CUW","Developed",100,"TN/RL/W/276/Rev.1","Chair's text - Consolidated text (June 2021) (TN/RL/W/276/Rev.1)","Other"
"86","CUW","Developed",100,"TN/RL/W/276/Rev.1 | Management exemption","Chair's text - Consolidated text (June 2021) - Management exemption (TN/RL/W/276/Rev.1 | Management exemption)","Other"
"87","CUW","Developed",100,"TN/RL/W/276/Rev.1 | Sustainability scenario","Chair's text - Consolidated text (June 2021) - Sustainability scenario (TN/RL/W/276/Rev.1 | Sustainability scenario)","Other"
"88","CYM","Developed",54.31,"TN/RL/W/276/Rev.1","Chair's text - Consolidated text (June 2021) (TN/RL/W/276/Rev.1)","Other"
"89","CYM","Developed",54.31,"TN/RL/W/276/Rev.1 | Management exemption","Chair's text - Consolidated text (June 2021) - Management exemption (TN/RL/W/276/Rev.1 | Management exemption)","Other"
"90","CYM","Developed",100,"TN/RL/W/276/Rev.1 | Sustainability scenario","Chair's text - Consolidated text (June 2021) - Sustainability scenario (TN/RL/W/276/Rev.1 | Sustainability scenario)","Other"
"91","CYP","Developing",68.3,"TN/RL/W/276/Rev.1","Chair's text - Consolidated text (June 2021) (TN/RL/W/276/Rev.1)","Other"
"92","CYP","Developing",68.3,"TN/RL/W/276/Rev.1 | Management exemption","Chair's text - Consolidated text (June 2021) - Management exemption (TN/RL/W/276/Rev.1 | Management exemption)","Other"
"93","CYP","Developing",85.25,"TN/RL/W/276/Rev.1 | Sustainability scenario","Chair's text - Consolidated text (June 2021) - Sustainability scenario (TN/RL/W/276/Rev.1 | Sustainability scenario)","Other"
"94","DEU","Developed",52.97,"TN/RL/W/276/Rev.1","Chair's text - Consolidated text (June 2021) (TN/RL/W/276/Rev.1)","Other"
"95","DEU","Developed",52.97,"TN/RL/W/276/Rev.1 | Management exemption","Chair's text - Consolidated text (June 2021) - Management exemption (TN/RL/W/276/Rev.1 | Management exemption)","Other"
"96","DEU","Developed",100,"TN/RL/W/276/Rev.1 | Sustainability scenario","Chair's text - Consolidated text (June 2021) - Sustainability scenario (TN/RL/W/276/Rev.1 | Sustainability scenario)","Other"
"97","DJI","LDC",0,"TN/RL/W/276/Rev.1","Chair's text - Consolidated text (June 2021) (TN/RL/W/276/Rev.1)","Other"
"98","DJI","LDC",0,"TN/RL/W/276/Rev.1 | Management exemption","Chair's text - Consolidated text (June 2021) - Management exemption (TN/RL/W/276/Rev.1 | Management exemption)","Other"
"99","DJI","LDC",22.71,"TN/RL/W/276/Rev.1 | Sustainability scenario","Chair's text - Consolidated text (June 2021) - Sustainability scenario (TN/RL/W/276/Rev.1 | Sustainability scenario)","Other"
"100","DNK","Developed",37.53,"TN/RL/W/276/Rev.1","Chair's text - Consolidated text (June 2021) (TN/RL/W/276/Rev.1)","Other"
"101","DNK","Developed",37.53,"TN/RL/W/276/Rev.1 | Management exemption","Chair's text - Consolidated text (June 2021) - Management exemption (TN/RL/W/276/Rev.1 | Management exemption)","Other"
"102","DNK","Developed",100,"TN/RL/W/276/Rev.1 | Sustainability scenario","Chair's text - Consolidated text (June 2021) - Sustainability scenario (TN/RL/W/276/Rev.1 | Sustainability scenario)","Other"
"103","DZA","Developing",96.94,"TN/RL/W/276/Rev.1","Chair's text - Consolidated text (June 2021) (TN/RL/W/276/Rev.1)","Other"
"104","DZA","Developing",96.94,"TN/RL/W/276/Rev.1 | Management exemption","Chair's text - Consolidated text (June 2021) - Management exemption (TN/RL/W/276/Rev.1 | Management exemption)","Other"
"105","DZA","Developing",97.55,"TN/RL/W/276/Rev.1 | Sustainability scenario","Chair's text - Consolidated text (June 2021) - Sustainability scenario (TN/RL/W/276/Rev.1 | Sustainability scenario)","Other"
"106","ECU","Developing",89.84,"TN/RL/W/276/Rev.1","Chair's text - Consolidated text (June 2021) (TN/RL/W/276/Rev.1)","Other"
"107","ECU","Developing",89.84,"TN/RL/W/276/Rev.1 | Management exemption","Chair's text - Consolidated text (June 2021) - Management exemption (TN/RL/W/276/Rev.1 | Management exemption)","Other"
"108","ECU","Developing",94.68,"TN/RL/W/276/Rev.1 | Sustainability scenario","Chair's text - Consolidated text (June 2021) - Sustainability scenario (TN/RL/W/276/Rev.1 | Sustainability scenario)","Other"
"109","EGY","Developing",99.35,"TN/RL/W/276/Rev.1","Chair's text - Consolidated text (June 2021) (TN/RL/W/276/Rev.1)","Other"
"110","EGY","Developing",99.35,"TN/RL/W/276/Rev.1 | Management exemption","Chair's text - Consolidated text (June 2021) - Management exemption (TN/RL/W/276/Rev.1 | Management exemption)","Other"
"111","EGY","Developing",99.48,"TN/RL/W/276/Rev.1 | Sustainability scenario","Chair's text - Consolidated text (June 2021) - Sustainability scenario (TN/RL/W/276/Rev.1 | Sustainability scenario)","Other"
"112","ESP","Developed",46.69,"TN/RL/W/276/Rev.1","Chair's text - Consolidated text (June 2021) (TN/RL/W/276/Rev.1)","Other"
"113","ESP","Developed",46.69,"TN/RL/W/276/Rev.1 | Management exemption","Chair's text - Consolidated text (June 2021) - Management exemption (TN/RL/W/276/Rev.1 | Management exemption)","Other"
"114","ESP","Developed",100,"TN/RL/W/276/Rev.1 | Sustainability scenario","Chair's text - Consolidated text (June 2021) - Sustainability scenario (TN/RL/W/276/Rev.1 | Sustainability scenario)","Other"
"115","EST","Developed",53.31,"TN/RL/W/276/Rev.1","Chair's text - Consolidated text (June 2021) (TN/RL/W/276/Rev.1)","Other"
"116","EST","Developed",53.31,"TN/RL/W/276/Rev.1 | Management exemption","Chair's text - Consolidated text (June 2021) - Management exemption (TN/RL/W/276/Rev.1 | Management exemption)","Other"
"117","EST","Developed",100,"TN/RL/W/276/Rev.1 | Sustainability scenario","Chair's text - Consolidated text (June 2021) - Sustainability scenario (TN/RL/W/276/Rev.1 | Sustainability scenario)","Other"
"118","FIN","Developed",0,"TN/RL/W/276/Rev.1","Chair's text - Consolidated text (June 2021) (TN/RL/W/276/Rev.1)","Other"
"119","FIN","Developed",0,"TN/RL/W/276/Rev.1 | Management exemption","Chair's text - Consolidated text (June 2021) - Management exemption (TN/RL/W/276/Rev.1 | Management exemption)","Other"
"120","FIN","Developed",100,"TN/RL/W/276/Rev.1 | Sustainability scenario","Chair's text - Consolidated text (June 2021) - Sustainability scenario (TN/RL/W/276/Rev.1 | Sustainability scenario)","Other"
"121","FJI","Developing",53.33,"TN/RL/W/276/Rev.1","Chair's text - Consolidated text (June 2021) (TN/RL/W/276/Rev.1)","Other"
"122","FJI","Developing",53.33,"TN/RL/W/276/Rev.1 | Management exemption","Chair's text - Consolidated text (June 2021) - Management exemption (TN/RL/W/276/Rev.1 | Management exemption)","Other"
"123","FJI","Developing",98.78,"TN/RL/W/276/Rev.1 | Sustainability scenario","Chair's text - Consolidated text (June 2021) - Sustainability scenario (TN/RL/W/276/Rev.1 | Sustainability scenario)","Other"
"124","FLK","Developed",84.01,"TN/RL/W/276/Rev.1","Chair's text - Consolidated text (June 2021) (TN/RL/W/276/Rev.1)","Other"
"125","FLK","Developed",84.01,"TN/RL/W/276/Rev.1 | Management exemption","Chair's text - Consolidated text (June 2021) - Management exemption (TN/RL/W/276/Rev.1 | Management exemption)","Other"
"126","FLK","Developed",100,"TN/RL/W/276/Rev.1 | Sustainability scenario","Chair's text - Consolidated text (June 2021) - Sustainability scenario (TN/RL/W/276/Rev.1 | Sustainability scenario)","Other"
"127","FRA","Developed",11.11,"TN/RL/W/276/Rev.1","Chair's text - Consolidated text (June 2021) (TN/RL/W/276/Rev.1)","Other"
"128","FRA","Developed",11.11,"TN/RL/W/276/Rev.1 | Management exemption","Chair's text - Consolidated text (June 2021) - Management exemption (TN/RL/W/276/Rev.1 | Management exemption)","Other"
"129","FRA","Developed",100,"TN/RL/W/276/Rev.1 | Sustainability scenario","Chair's text - Consolidated text (June 2021) - Sustainability scenario (TN/RL/W/276/Rev.1 | Sustainability scenario)","Other"
"130","FRO","Developed",56.16,"TN/RL/W/276/Rev.1","Chair's text - Consolidated text (June 2021) (TN/RL/W/276/Rev.1)","Other"
"131","FRO","Developed",56.16,"TN/RL/W/276/Rev.1 | Management exemption","Chair's text - Consolidated text (June 2021) - Management exemption (TN/RL/W/276/Rev.1 | Management exemption)","Other"
"132","FRO","Developed",100,"TN/RL/W/276/Rev.1 | Sustainability scenario","Chair's text - Consolidated text (June 2021) - Sustainability scenario (TN/RL/W/276/Rev.1 | Sustainability scenario)","Other"
"133","FSM","Developing",0,"TN/RL/W/276/Rev.1","Chair's text - Consolidated text (June 2021) (TN/RL/W/276/Rev.1)","Other"
"134","FSM","Developing",0,"TN/RL/W/276/Rev.1 | Management exemption","Chair's text - Consolidated text (June 2021) - Management exemption (TN/RL/W/276/Rev.1 | Management exemption)","Other"
"135","FSM","Developing",0,"TN/RL/W/276/Rev.1 | Sustainability scenario","Chair's text - Consolidated text (June 2021) - Sustainability scenario (TN/RL/W/276/Rev.1 | Sustainability scenario)","Other"
"136","GBR","Developed",3.66,"TN/RL/W/276/Rev.1","Chair's text - Consolidated text (June 2021) (TN/RL/W/276/Rev.1)","Other"
"137","GBR","Developed",3.66,"TN/RL/W/276/Rev.1 | Management exemption","Chair's text - Consolidated text (June 2021) - Management exemption (TN/RL/W/276/Rev.1 | Management exemption)","Other"
"138","GBR","Developed",100,"TN/RL/W/276/Rev.1 | Sustainability scenario","Chair's text - Consolidated text (June 2021) - Sustainability scenario (TN/RL/W/276/Rev.1 | Sustainability scenario)","Other"
"139","GEO","Developed",47.2,"TN/RL/W/276/Rev.1","Chair's text - Consolidated text (June 2021) (TN/RL/W/276/Rev.1)","Other"
"140","GEO","Developed",100,"TN/RL/W/276/Rev.1 | Management exemption","Chair's text - Consolidated text (June 2021) - Management exemption (TN/RL/W/276/Rev.1 | Management exemption)","Other"
"141","GEO","Developed",100,"TN/RL/W/276/Rev.1 | Sustainability scenario","Chair's text - Consolidated text (June 2021) - Sustainability scenario (TN/RL/W/276/Rev.1 | Sustainability scenario)","Other"
"142","GHA","Developing",42.04,"TN/RL/W/276/Rev.1","Chair's text - Consolidated text (June 2021) (TN/RL/W/276/Rev.1)","Other"
"143","GHA","Developing",81.42,"TN/RL/W/276/Rev.1 | Management exemption","Chair's text - Consolidated text (June 2021) - Management exemption (TN/RL/W/276/Rev.1 | Management exemption)","Other"
"144","GHA","Developing",85.14,"TN/RL/W/276/Rev.1 | Sustainability scenario","Chair's text - Consolidated text (June 2021) - Sustainability scenario (TN/RL/W/276/Rev.1 | Sustainability scenario)","Other"
"145","GIB","Developed",0,"TN/RL/W/276/Rev.1","Chair's text - Consolidated text (June 2021) (TN/RL/W/276/Rev.1)","Other"
"146","GIB","Developed",0,"TN/RL/W/276/Rev.1 | Management exemption","Chair's text - Consolidated text (June 2021) - Management exemption (TN/RL/W/276/Rev.1 | Management exemption)","Other"
"147","GIB","Developed",100,"TN/RL/W/276/Rev.1 | Sustainability scenario","Chair's text - Consolidated text (June 2021) - Sustainability scenario (TN/RL/W/276/Rev.1 | Sustainability scenario)","Other"
"148","GIN","LDC",0,"TN/RL/W/276/Rev.1","Chair's text - Consolidated text (June 2021) (TN/RL/W/276/Rev.1)","Other"
"149","GIN","LDC",0,"TN/RL/W/276/Rev.1 | Management exemption","Chair's text - Consolidated text (June 2021) - Management exemption (TN/RL/W/276/Rev.1 | Management exemption)","Other"
"150","GIN","LDC",97.14,"TN/RL/W/276/Rev.1 | Sustainability scenario","Chair's text - Consolidated text (June 2021) - Sustainability scenario (TN/RL/W/276/Rev.1 | Sustainability scenario)","Other"
"151","GMB","LDC",0,"TN/RL/W/276/Rev.1","Chair's text - Consolidated text (June 2021) (TN/RL/W/276/Rev.1)","Other"
"152","GMB","LDC",0,"TN/RL/W/276/Rev.1 | Management exemption","Chair's text - Consolidated text (June 2021) - Management exemption (TN/RL/W/276/Rev.1 | Management exemption)","Other"
"153","GMB","LDC",88.04,"TN/RL/W/276/Rev.1 | Sustainability scenario","Chair's text - Consolidated text (June 2021) - Sustainability scenario (TN/RL/W/276/Rev.1 | Sustainability scenario)","Other"
"154","GNB","LDC",0,"TN/RL/W/276/Rev.1","Chair's text - Consolidated text (June 2021) (TN/RL/W/276/Rev.1)","Other"
"155","GNB","LDC",0,"TN/RL/W/276/Rev.1 | Management exemption","Chair's text - Consolidated text (June 2021) - Management exemption (TN/RL/W/276/Rev.1 | Management exemption)","Other"
"156","GNB","LDC",0,"TN/RL/W/276/Rev.1 | Sustainability scenario","Chair's text - Consolidated text (June 2021) - Sustainability scenario (TN/RL/W/276/Rev.1 | Sustainability scenario)","Other"
"157","GNQ","Developing",84.38,"TN/RL/W/276/Rev.1","Chair's text - Consolidated text (June 2021) (TN/RL/W/276/Rev.1)","Other"
"158","GNQ","Developing",84.38,"TN/RL/W/276/Rev.1 | Management exemption","Chair's text - Consolidated text (June 2021) - Management exemption (TN/RL/W/276/Rev.1 | Management exemption)","Other"
"159","GNQ","Developing",87.92,"TN/RL/W/276/Rev.1 | Sustainability scenario","Chair's text - Consolidated text (June 2021) - Sustainability scenario (TN/RL/W/276/Rev.1 | Sustainability scenario)","Other"
"160","GRC","Developed",3.8,"TN/RL/W/276/Rev.1","Chair's text - Consolidated text (June 2021) (TN/RL/W/276/Rev.1)","Other"
"161","GRC","Developed",3.8,"TN/RL/W/276/Rev.1 | Management exemption","Chair's text - Consolidated text (June 2021) - Management exemption (TN/RL/W/276/Rev.1 | Management exemption)","Other"
"162","GRC","Developed",100,"TN/RL/W/276/Rev.1 | Sustainability scenario","Chair's text - Consolidated text (June 2021) - Sustainability scenario (TN/RL/W/276/Rev.1 | Sustainability scenario)","Other"
"163","GRD","Developing",33.54,"TN/RL/W/276/Rev.1","Chair's text - Consolidated text (June 2021) (TN/RL/W/276/Rev.1)","Other"
"164","GRD","Developing",33.54,"TN/RL/W/276/Rev.1 | Management exemption","Chair's text - Consolidated text (June 2021) - Management exemption (TN/RL/W/276/Rev.1 | Management exemption)","Other"
"165","GRD","Developing",99.57,"TN/RL/W/276/Rev.1 | Sustainability scenario","Chair's text - Consolidated text (June 2021) - Sustainability scenario (TN/RL/W/276/Rev.1 | Sustainability scenario)","Other"
"166","GRL","Developed",0.98,"TN/RL/W/276/Rev.1","Chair's text - Consolidated text (June 2021) (TN/RL/W/276/Rev.1)","Other"
"167","GRL","Developed",0.98,"TN/RL/W/276/Rev.1 | Management exemption","Chair's text - Consolidated text (June 2021) - Management exemption (TN/RL/W/276/Rev.1 | Management exemption)","Other"
"168","GRL","Developed",100,"TN/RL/W/276/Rev.1 | Sustainability scenario","Chair's text - Consolidated text (June 2021) - Sustainability scenario (TN/RL/W/276/Rev.1 | Sustainability scenario)","Other"
"169","GTM","Developing",99.78,"TN/RL/W/276/Rev.1","Chair's text - Consolidated text (June 2021) (TN/RL/W/276/Rev.1)","Other"
"170","GTM","Developing",99.78,"TN/RL/W/276/Rev.1 | Management exemption","Chair's text - Consolidated text (June 2021) - Management exemption (TN/RL/W/276/Rev.1 | Management exemption)","Other"
"171","GTM","Developing",99.83,"TN/RL/W/276/Rev.1 | Sustainability scenario","Chair's text - Consolidated text (June 2021) - Sustainability scenario (TN/RL/W/276/Rev.1 | Sustainability scenario)","Other"
"172","GUF","Developed",0,"TN/RL/W/276/Rev.1","Chair's text - Consolidated text (June 2021) (TN/RL/W/276/Rev.1)","Other"
"173","GUF","Developed",0,"TN/RL/W/276/Rev.1 | Management exemption","Chair's text - Consolidated text (June 2021) - Management exemption (TN/RL/W/276/Rev.1 | Management exemption)","Other"
"174","GUF","Developed",100,"TN/RL/W/276/Rev.1 | Sustainability scenario","Chair's text - Consolidated text (June 2021) - Sustainability scenario (TN/RL/W/276/Rev.1 | Sustainability scenario)","Other"
"175","GUY","Developing",8.02,"TN/RL/W/276/Rev.1","Chair's text - Consolidated text (June 2021) (TN/RL/W/276/Rev.1)","Other"
"176","GUY","Developing",8.02,"TN/RL/W/276/Rev.1 | Management exemption","Chair's text - Consolidated text (June 2021) - Management exemption (TN/RL/W/276/Rev.1 | Management exemption)","Other"
"177","GUY","Developing",26.42,"TN/RL/W/276/Rev.1 | Sustainability scenario","Chair's text - Consolidated text (June 2021) - Sustainability scenario (TN/RL/W/276/Rev.1 | Sustainability scenario)","Other"
"178","HKG","Developing",44.12,"TN/RL/W/276/Rev.1","Chair's text - Consolidated text (June 2021) (TN/RL/W/276/Rev.1)","Other"
"179","HKG","Developing",44.12,"TN/RL/W/276/Rev.1 | Management exemption","Chair's text - Consolidated text (June 2021) - Management exemption (TN/RL/W/276/Rev.1 | Management exemption)","Other"
"180","HKG","Developing",55.3,"TN/RL/W/276/Rev.1 | Sustainability scenario","Chair's text - Consolidated text (June 2021) - Sustainability scenario (TN/RL/W/276/Rev.1 | Sustainability scenario)","Other"
"181","HRV","Developing",0.01,"TN/RL/W/276/Rev.1","Chair's text - Consolidated text (June 2021) (TN/RL/W/276/Rev.1)","Other"
"182","HRV","Developing",0.01,"TN/RL/W/276/Rev.1 | Management exemption","Chair's text - Consolidated text (June 2021) - Management exemption (TN/RL/W/276/Rev.1 | Management exemption)","Other"
"183","HRV","Developing",36.91,"TN/RL/W/276/Rev.1 | Sustainability scenario","Chair's text - Consolidated text (June 2021) - Sustainability scenario (TN/RL/W/276/Rev.1 | Sustainability scenario)","Other"
"184","HUN","Developed",0,"TN/RL/W/276/Rev.1","Chair's text - Consolidated text (June 2021) (TN/RL/W/276/Rev.1)","Other"
"185","HUN","Developed",0,"TN/RL/W/276/Rev.1 | Management exemption","Chair's text - Consolidated text (June 2021) - Management exemption (TN/RL/W/276/Rev.1 | Management exemption)","Other"
"186","HUN","Developed",0,"TN/RL/W/276/Rev.1 | Sustainability scenario","Chair's text - Consolidated text (June 2021) - Sustainability scenario (TN/RL/W/276/Rev.1 | Sustainability scenario)","Other"
"187","IDN","Developing",5.68,"TN/RL/W/276/Rev.1","Chair's text - Consolidated text (June 2021) (TN/RL/W/276/Rev.1)","Other"
"188","IDN","Developing",73.75,"TN/RL/W/276/Rev.1 | Management exemption","Chair's text - Consolidated text (June 2021) - Management exemption (TN/RL/W/276/Rev.1 | Management exemption)","Other"
"189","IDN","Developing",79,"TN/RL/W/276/Rev.1 | Sustainability scenario","Chair's text - Consolidated text (June 2021) - Sustainability scenario (TN/RL/W/276/Rev.1 | Sustainability scenario)","Other"
"190","IND","Developing",1.01,"TN/RL/W/276/Rev.1","Chair's text - Consolidated text (June 2021) (TN/RL/W/276/Rev.1)","Other"
"191","IND","Developing",84.71,"TN/RL/W/276/Rev.1 | Management exemption","Chair's text - Consolidated text (June 2021) - Management exemption (TN/RL/W/276/Rev.1 | Management exemption)","Other"
"192","IND","Developing",87.77,"TN/RL/W/276/Rev.1 | Sustainability scenario","Chair's text - Consolidated text (June 2021) - Sustainability scenario (TN/RL/W/276/Rev.1 | Sustainability scenario)","Other"
"193","IOT","Developed",100,"TN/RL/W/276/Rev.1","Chair's text - Consolidated text (June 2021) (TN/RL/W/276/Rev.1)","Other"
"194","IOT","Developed",100,"TN/RL/W/276/Rev.1 | Management exemption","Chair's text - Consolidated text (June 2021) - Management exemption (TN/RL/W/276/Rev.1 | Management exemption)","Other"
"195","IOT","Developed",100,"TN/RL/W/276/Rev.1 | Sustainability scenario","Chair's text - Consolidated text (June 2021) - Sustainability scenario (TN/RL/W/276/Rev.1 | Sustainability scenario)","Other"
"196","IRL","Developed",3.35,"TN/RL/W/276/Rev.1","Chair's text - Consolidated text (June 2021) (TN/RL/W/276/Rev.1)","Other"
"197","IRL","Developed",3.35,"TN/RL/W/276/Rev.1 | Management exemption","Chair's text - Consolidated text (June 2021) - Management exemption (TN/RL/W/276/Rev.1 | Management exemption)","Other"
"198","IRL","Developed",100,"TN/RL/W/276/Rev.1 | Sustainability scenario","Chair's text - Consolidated text (June 2021) - Sustainability scenario (TN/RL/W/276/Rev.1 | Sustainability scenario)","Other"
"199","IRN","Developing",2.42,"TN/RL/W/276/Rev.1","Chair's text - Consolidated text (June 2021) (TN/RL/W/276/Rev.1)","Other"
"200","IRN","Developing",63.58,"TN/RL/W/276/Rev.1 | Management exemption","Chair's text - Consolidated text (June 2021) - Management exemption (TN/RL/W/276/Rev.1 | Management exemption)","Other"
"201","IRN","Developing",70.87,"TN/RL/W/276/Rev.1 | Sustainability scenario","Chair's text - Consolidated text (June 2021) - Sustainability scenario (TN/RL/W/276/Rev.1 | Sustainability scenario)","Other"
"202","ISL","Developed",47.03,"TN/RL/W/276/Rev.1","Chair's text - Consolidated text (June 2021) (TN/RL/W/276/Rev.1)","Other"
"203","ISL","Developed",47.03,"TN/RL/W/276/Rev.1 | Management exemption","Chair's text - Consolidated text (June 2021) - Management exemption (TN/RL/W/276/Rev.1 | Management exemption)","Other"
"204","ISL","Developed",100,"TN/RL/W/276/Rev.1 | Sustainability scenario","Chair's text - Consolidated text (June 2021) - Sustainability scenario (TN/RL/W/276/Rev.1 | Sustainability scenario)","Other"
"205","ISR","Developed",0,"TN/RL/W/276/Rev.1","Chair's text - Consolidated text (June 2021) (TN/RL/W/276/Rev.1)","Other"
"206","ISR","Developed",100,"TN/RL/W/276/Rev.1 | Management exemption","Chair's text - Consolidated text (June 2021) - Management exemption (TN/RL/W/276/Rev.1 | Management exemption)","Other"
"207","ISR","Developed",100,"TN/RL/W/276/Rev.1 | Sustainability scenario","Chair's text - Consolidated text (June 2021) - Sustainability scenario (TN/RL/W/276/Rev.1 | Sustainability scenario)","Other"
"208","ITA","Developed",9.29,"TN/RL/W/276/Rev.1","Chair's text - Consolidated text (June 2021) (TN/RL/W/276/Rev.1)","Other"
"209","ITA","Developed",9.29,"TN/RL/W/276/Rev.1 | Management exemption","Chair's text - Consolidated text (June 2021) - Management exemption (TN/RL/W/276/Rev.1 | Management exemption)","Other"
"210","ITA","Developed",100,"TN/RL/W/276/Rev.1 | Sustainability scenario","Chair's text - Consolidated text (June 2021) - Sustainability scenario (TN/RL/W/276/Rev.1 | Sustainability scenario)","Other"
"211","JAM","Developing",0,"TN/RL/W/276/Rev.1","Chair's text - Consolidated text (June 2021) (TN/RL/W/276/Rev.1)","Other"
"212","JAM","Developing",0,"TN/RL/W/276/Rev.1 | Management exemption","Chair's text - Consolidated text (June 2021) - Management exemption (TN/RL/W/276/Rev.1 | Management exemption)","Other"
"213","JAM","Developing",20,"TN/RL/W/276/Rev.1 | Sustainability scenario","Chair's text - Consolidated text (June 2021) - Sustainability scenario (TN/RL/W/276/Rev.1 | Sustainability scenario)","Other"
"214","JOR","Developing",99.91,"TN/RL/W/276/Rev.1","Chair's text - Consolidated text (June 2021) (TN/RL/W/276/Rev.1)","Other"
"215","JOR","Developing",99.91,"TN/RL/W/276/Rev.1 | Management exemption","Chair's text - Consolidated text (June 2021) - Management exemption (TN/RL/W/276/Rev.1 | Management exemption)","Other"
"216","JOR","Developing",99.93,"TN/RL/W/276/Rev.1 | Sustainability scenario","Chair's text - Consolidated text (June 2021) - Sustainability scenario (TN/RL/W/276/Rev.1 | Sustainability scenario)","Other"
"217","JPN","Developed",99.97,"TN/RL/W/276/Rev.1","Chair's text - Consolidated text (June 2021) (TN/RL/W/276/Rev.1)","Other"
"218","JPN","Developed",99.97,"TN/RL/W/276/Rev.1 | Management exemption","Chair's text - Consolidated text (June 2021) - Management exemption (TN/RL/W/276/Rev.1 | Management exemption)","Other"
"219","JPN","Developed",100,"TN/RL/W/276/Rev.1 | Sustainability scenario","Chair's text - Consolidated text (June 2021) - Sustainability scenario (TN/RL/W/276/Rev.1 | Sustainability scenario)","Other"
"220","KAZ","Developed",0,"TN/RL/W/276/Rev.1","Chair's text - Consolidated text (June 2021) (TN/RL/W/276/Rev.1)","Other"
"221","KAZ","Developed",0,"TN/RL/W/276/Rev.1 | Management exemption","Chair's text - Consolidated text (June 2021) - Management exemption (TN/RL/W/276/Rev.1 | Management exemption)","Other"
"222","KAZ","Developed",0,"TN/RL/W/276/Rev.1 | Sustainability scenario","Chair's text - Consolidated text (June 2021) - Sustainability scenario (TN/RL/W/276/Rev.1 | Sustainability scenario)","Other"
"223","KEN","Developing",24.24,"TN/RL/W/276/Rev.1","Chair's text - Consolidated text (June 2021) (TN/RL/W/276/Rev.1)","Other"
"224","KEN","Developing",24.24,"TN/RL/W/276/Rev.1 | Management exemption","Chair's text - Consolidated text (June 2021) - Management exemption (TN/RL/W/276/Rev.1 | Management exemption)","Other"
"225","KEN","Developing",42.61,"TN/RL/W/276/Rev.1 | Sustainability scenario","Chair's text - Consolidated text (June 2021) - Sustainability scenario (TN/RL/W/276/Rev.1 | Sustainability scenario)","Other"
"226","KHM","LDC",0,"TN/RL/W/276/Rev.1","Chair's text - Consolidated text (June 2021) (TN/RL/W/276/Rev.1)","Other"
"227","KHM","LDC",0,"TN/RL/W/276/Rev.1 | Management exemption","Chair's text - Consolidated text (June 2021) - Management exemption (TN/RL/W/276/Rev.1 | Management exemption)","Other"
"228","KHM","LDC",100,"TN/RL/W/276/Rev.1 | Sustainability scenario","Chair's text - Consolidated text (June 2021) - Sustainability scenario (TN/RL/W/276/Rev.1 | Sustainability scenario)","Other"
"229","KIR","LDC",0,"TN/RL/W/276/Rev.1","Chair's text - Consolidated text (June 2021) (TN/RL/W/276/Rev.1)","Other"
"230","KIR","LDC",0,"TN/RL/W/276/Rev.1 | Management exemption","Chair's text - Consolidated text (June 2021) - Management exemption (TN/RL/W/276/Rev.1 | Management exemption)","Other"
"231","KIR","LDC",0,"TN/RL/W/276/Rev.1 | Sustainability scenario","Chair's text - Consolidated text (June 2021) - Sustainability scenario (TN/RL/W/276/Rev.1 | Sustainability scenario)","Other"
"232","KNA","Developing",0,"TN/RL/W/276/Rev.1","Chair's text - Consolidated text (June 2021) (TN/RL/W/276/Rev.1)","Other"
"233","KNA","Developing",0,"TN/RL/W/276/Rev.1 | Management exemption","Chair's text - Consolidated text (June 2021) - Management exemption (TN/RL/W/276/Rev.1 | Management exemption)","Other"
"234","KNA","Developing",0,"TN/RL/W/276/Rev.1 | Sustainability scenario","Chair's text - Consolidated text (June 2021) - Sustainability scenario (TN/RL/W/276/Rev.1 | Sustainability scenario)","Other"
"235","KOR","Developing",52.51,"TN/RL/W/276/Rev.1","Chair's text - Consolidated text (June 2021) (TN/RL/W/276/Rev.1)","Other"
"236","KOR","Developing",52.51,"TN/RL/W/276/Rev.1 | Management exemption","Chair's text - Consolidated text (June 2021) - Management exemption (TN/RL/W/276/Rev.1 | Management exemption)","Other"
"237","KOR","Developing",79.65,"TN/RL/W/276/Rev.1 | Sustainability scenario","Chair's text - Consolidated text (June 2021) - Sustainability scenario (TN/RL/W/276/Rev.1 | Sustainability scenario)","Other"
"238","LBN","Developing",0,"TN/RL/W/276/Rev.1","Chair's text - Consolidated text (June 2021) (TN/RL/W/276/Rev.1)","Other"
"239","LBN","Developing",0,"TN/RL/W/276/Rev.1 | Management exemption","Chair's text - Consolidated text (June 2021) - Management exemption (TN/RL/W/276/Rev.1 | Management exemption)","Other"
"240","LBN","Developing",20,"TN/RL/W/276/Rev.1 | Sustainability scenario","Chair's text - Consolidated text (June 2021) - Sustainability scenario (TN/RL/W/276/Rev.1 | Sustainability scenario)","Other"
"241","LBR","LDC",36.08,"TN/RL/W/276/Rev.1","Chair's text - Consolidated text (June 2021) (TN/RL/W/276/Rev.1)","Other"
"242","LBR","LDC",36.08,"TN/RL/W/276/Rev.1 | Management exemption","Chair's text - Consolidated text (June 2021) - Management exemption (TN/RL/W/276/Rev.1 | Management exemption)","Other"
"243","LBR","LDC",100,"TN/RL/W/276/Rev.1 | Sustainability scenario","Chair's text - Consolidated text (June 2021) - Sustainability scenario (TN/RL/W/276/Rev.1 | Sustainability scenario)","Other"
"244","LBY","Developing",0,"TN/RL/W/276/Rev.1","Chair's text - Consolidated text (June 2021) (TN/RL/W/276/Rev.1)","Other"
"245","LBY","Developing",0,"TN/RL/W/276/Rev.1 | Management exemption","Chair's text - Consolidated text (June 2021) - Management exemption (TN/RL/W/276/Rev.1 | Management exemption)","Other"
"246","LBY","Developing",0,"TN/RL/W/276/Rev.1 | Sustainability scenario","Chair's text - Consolidated text (June 2021) - Sustainability scenario (TN/RL/W/276/Rev.1 | Sustainability scenario)","Other"
"247","LIE","Developing",0,"TN/RL/W/276/Rev.1","Chair's text - Consolidated text (June 2021) (TN/RL/W/276/Rev.1)","Other"
"248","LIE","Developing",0,"TN/RL/W/276/Rev.1 | Management exemption","Chair's text - Consolidated text (June 2021) - Management exemption (TN/RL/W/276/Rev.1 | Management exemption)","Other"
"249","LIE","Developing",0,"TN/RL/W/276/Rev.1 | Sustainability scenario","Chair's text - Consolidated text (June 2021) - Sustainability scenario (TN/RL/W/276/Rev.1 | Sustainability scenario)","Other"
"250","LKA","Developing",98.31,"TN/RL/W/276/Rev.1","Chair's text - Consolidated text (June 2021) (TN/RL/W/276/Rev.1)","Other"
"251","LKA","Developing",99.61,"TN/RL/W/276/Rev.1 | Management exemption","Chair's text - Consolidated text (June 2021) - Management exemption (TN/RL/W/276/Rev.1 | Management exemption)","Other"
"252","LKA","Developing",99.69,"TN/RL/W/276/Rev.1 | Sustainability scenario","Chair's text - Consolidated text (June 2021) - Sustainability scenario (TN/RL/W/276/Rev.1 | Sustainability scenario)","Other"
"253","LTU","Developed",86.71,"TN/RL/W/276/Rev.1","Chair's text - Consolidated text (June 2021) (TN/RL/W/276/Rev.1)","Other"
"254","LTU","Developed",86.71,"TN/RL/W/276/Rev.1 | Management exemption","Chair's text - Consolidated text (June 2021) - Management exemption (TN/RL/W/276/Rev.1 | Management exemption)","Other"
"255","LTU","Developed",100,"TN/RL/W/276/Rev.1 | Sustainability scenario","Chair's text - Consolidated text (June 2021) - Sustainability scenario (TN/RL/W/276/Rev.1 | Sustainability scenario)","Other"
"256","LVA","Developed",27.41,"TN/RL/W/276/Rev.1","Chair's text - Consolidated text (June 2021) (TN/RL/W/276/Rev.1)","Other"
"257","LVA","Developed",27.41,"TN/RL/W/276/Rev.1 | Management exemption","Chair's text - Consolidated text (June 2021) - Management exemption (TN/RL/W/276/Rev.1 | Management exemption)","Other"
"258","LVA","Developed",100,"TN/RL/W/276/Rev.1 | Sustainability scenario","Chair's text - Consolidated text (June 2021) - Sustainability scenario (TN/RL/W/276/Rev.1 | Sustainability scenario)","Other"
"259","MAR","Developing",1.62,"TN/RL/W/276/Rev.1","Chair's text - Consolidated text (June 2021) (TN/RL/W/276/Rev.1)","Other"
"260","MAR","Developing",1.62,"TN/RL/W/276/Rev.1 | Management exemption","Chair's text - Consolidated text (June 2021) - Management exemption (TN/RL/W/276/Rev.1 | Management exemption)","Other"
"261","MAR","Developing",93.18,"TN/RL/W/276/Rev.1 | Sustainability scenario","Chair's text - Consolidated text (June 2021) - Sustainability scenario (TN/RL/W/276/Rev.1 | Sustainability scenario)","Other"
"262","MDG","LDC",0,"TN/RL/W/276/Rev.1","Chair's text - Consolidated text (June 2021) (TN/RL/W/276/Rev.1)","Other"
"263","MDG","LDC",0,"TN/RL/W/276/Rev.1 | Management exemption","Chair's text - Consolidated text (June 2021) - Management exemption (TN/RL/W/276/Rev.1 | Management exemption)","Other"
"264","MDG","LDC",42.98,"TN/RL/W/276/Rev.1 | Sustainability scenario","Chair's text - Consolidated text (June 2021) - Sustainability scenario (TN/RL/W/276/Rev.1 | Sustainability scenario)","Other"
"265","MEX","Developing",95.14,"TN/RL/W/276/Rev.1","Chair's text - Consolidated text (June 2021) (TN/RL/W/276/Rev.1)","Other"
"266","MEX","Developing",95.14,"TN/RL/W/276/Rev.1 | Management exemption","Chair's text - Consolidated text (June 2021) - Management exemption (TN/RL/W/276/Rev.1 | Management exemption)","Other"
"267","MEX","Developing",96.23,"TN/RL/W/276/Rev.1 | Sustainability scenario","Chair's text - Consolidated text (June 2021) - Sustainability scenario (TN/RL/W/276/Rev.1 | Sustainability scenario)","Other"
"268","MHL","Developing",0,"TN/RL/W/276/Rev.1","Chair's text - Consolidated text (June 2021) (TN/RL/W/276/Rev.1)","Other"
"269","MHL","Developing",0,"TN/RL/W/276/Rev.1 | Management exemption","Chair's text - Consolidated text (June 2021) - Management exemption (TN/RL/W/276/Rev.1 | Management exemption)","Other"
"270","MHL","Developing",0,"TN/RL/W/276/Rev.1 | Sustainability scenario","Chair's text - Consolidated text (June 2021) - Sustainability scenario (TN/RL/W/276/Rev.1 | Sustainability scenario)","Other"
"271","MLT","Developing",11.33,"TN/RL/W/276/Rev.1","Chair's text - Consolidated text (June 2021) (TN/RL/W/276/Rev.1)","Other"
"272","MLT","Developing",11.33,"TN/RL/W/276/Rev.1 | Management exemption","Chair's text - Consolidated text (June 2021) - Management exemption (TN/RL/W/276/Rev.1 | Management exemption)","Other"
"273","MLT","Developing",71.39,"TN/RL/W/276/Rev.1 | Sustainability scenario","Chair's text - Consolidated text (June 2021) - Sustainability scenario (TN/RL/W/276/Rev.1 | Sustainability scenario)","Other"
"274","MNE","Developed",0,"TN/RL/W/276/Rev.1","Chair's text - Consolidated text (June 2021) (TN/RL/W/276/Rev.1)","Other"
"275","MNE","Developed",0,"TN/RL/W/276/Rev.1 | Management exemption","Chair's text - Consolidated text (June 2021) - Management exemption (TN/RL/W/276/Rev.1 | Management exemption)","Other"
"276","MNE","Developed",0,"TN/RL/W/276/Rev.1 | Sustainability scenario","Chair's text - Consolidated text (June 2021) - Sustainability scenario (TN/RL/W/276/Rev.1 | Sustainability scenario)","Other"
"277","MNG","Developing",0,"TN/RL/W/276/Rev.1","Chair's text - Consolidated text (June 2021) (TN/RL/W/276/Rev.1)","Other"
"278","MNG","Developing",0,"TN/RL/W/276/Rev.1 | Management exemption","Chair's text - Consolidated text (June 2021) - Management exemption (TN/RL/W/276/Rev.1 | Management exemption)","Other"
"279","MNG","Developing",0,"TN/RL/W/276/Rev.1 | Sustainability scenario","Chair's text - Consolidated text (June 2021) - Sustainability scenario (TN/RL/W/276/Rev.1 | Sustainability scenario)","Other"
"280","MOZ","LDC",0,"TN/RL/W/276/Rev.1","Chair's text - Consolidated text (June 2021) (TN/RL/W/276/Rev.1)","Other"
"281","MOZ","LDC",0,"TN/RL/W/276/Rev.1 | Management exemption","Chair's text - Consolidated text (June 2021) - Management exemption (TN/RL/W/276/Rev.1 | Management exemption)","Other"
"282","MOZ","LDC",80.6,"TN/RL/W/276/Rev.1 | Sustainability scenario","Chair's text - Consolidated text (June 2021) - Sustainability scenario (TN/RL/W/276/Rev.1 | Sustainability scenario)","Other"
"283","MRT","LDC",0,"TN/RL/W/276/Rev.1","Chair's text - Consolidated text (June 2021) (TN/RL/W/276/Rev.1)","Other"
"284","MRT","LDC",0,"TN/RL/W/276/Rev.1 | Management exemption","Chair's text - Consolidated text (June 2021) - Management exemption (TN/RL/W/276/Rev.1 | Management exemption)","Other"
"285","MRT","LDC",76.81,"TN/RL/W/276/Rev.1 | Sustainability scenario","Chair's text - Consolidated text (June 2021) - Sustainability scenario (TN/RL/W/276/Rev.1 | Sustainability scenario)","Other"
"286","MUS","Developing",68.24,"TN/RL/W/276/Rev.1","Chair's text - Consolidated text (June 2021) (TN/RL/W/276/Rev.1)","Other"
"287","MUS","Developing",68.24,"TN/RL/W/276/Rev.1 | Management exemption","Chair's text - Consolidated text (June 2021) - Management exemption (TN/RL/W/276/Rev.1 | Management exemption)","Other"
"288","MUS","Developing",98.96,"TN/RL/W/276/Rev.1 | Sustainability scenario","Chair's text - Consolidated text (June 2021) - Sustainability scenario (TN/RL/W/276/Rev.1 | Sustainability scenario)","Other"
"289","MYS","Developing",62.58,"TN/RL/W/276/Rev.1","Chair's text - Consolidated text (June 2021) (TN/RL/W/276/Rev.1)","Other"
"290","MYS","Developing",69.48,"TN/RL/W/276/Rev.1 | Management exemption","Chair's text - Consolidated text (June 2021) - Management exemption (TN/RL/W/276/Rev.1 | Management exemption)","Other"
"291","MYS","Developing",75.59,"TN/RL/W/276/Rev.1 | Sustainability scenario","Chair's text - Consolidated text (June 2021) - Sustainability scenario (TN/RL/W/276/Rev.1 | Sustainability scenario)","Other"
"292","NAM","Developing",6.92,"TN/RL/W/276/Rev.1","Chair's text - Consolidated text (June 2021) (TN/RL/W/276/Rev.1)","Other"
"293","NAM","Developing",6.92,"TN/RL/W/276/Rev.1 | Management exemption","Chair's text - Consolidated text (June 2021) - Management exemption (TN/RL/W/276/Rev.1 | Management exemption)","Other"
"294","NAM","Developing",99.33,"TN/RL/W/276/Rev.1 | Sustainability scenario","Chair's text - Consolidated text (June 2021) - Sustainability scenario (TN/RL/W/276/Rev.1 | Sustainability scenario)","Other"
"295","NCL","Developed",1.9,"TN/RL/W/276/Rev.1","Chair's text - Consolidated text (June 2021) (TN/RL/W/276/Rev.1)","Other"
"296","NCL","Developed",1.9,"TN/RL/W/276/Rev.1 | Management exemption","Chair's text - Consolidated text (June 2021) - Management exemption (TN/RL/W/276/Rev.1 | Management exemption)","Other"
"297","NCL","Developed",100,"TN/RL/W/276/Rev.1 | Sustainability scenario","Chair's text - Consolidated text (June 2021) - Sustainability scenario (TN/RL/W/276/Rev.1 | Sustainability scenario)","Other"
"298","NGA","Developing",3.26,"TN/RL/W/276/Rev.1","Chair's text - Consolidated text (June 2021) (TN/RL/W/276/Rev.1)","Other"
"299","NGA","Developing",29.09,"TN/RL/W/276/Rev.1 | Management exemption","Chair's text - Consolidated text (June 2021) - Management exemption (TN/RL/W/276/Rev.1 | Management exemption)","Other"
"300","NGA","Developing",43.27,"TN/RL/W/276/Rev.1 | Sustainability scenario","Chair's text - Consolidated text (June 2021) - Sustainability scenario (TN/RL/W/276/Rev.1 | Sustainability scenario)","Other"
"301","NIC","Developing",99.53,"TN/RL/W/276/Rev.1","Chair's text - Consolidated text (June 2021) (TN/RL/W/276/Rev.1)","Other"
"302","NIC","Developing",99.53,"TN/RL/W/276/Rev.1 | Management exemption","Chair's text - Consolidated text (June 2021) - Management exemption (TN/RL/W/276/Rev.1 | Management exemption)","Other"
"303","NIC","Developing",99.62,"TN/RL/W/276/Rev.1 | Sustainability scenario","Chair's text - Consolidated text (June 2021) - Sustainability scenario (TN/RL/W/276/Rev.1 | Sustainability scenario)","Other"
"304","NIU","Developing",0,"TN/RL/W/276/Rev.1","Chair's text - Consolidated text (June 2021) (TN/RL/W/276/Rev.1)","Other"
"305","NIU","Developing",0,"TN/RL/W/276/Rev.1 | Management exemption","Chair's text - Consolidated text (June 2021) - Management exemption (TN/RL/W/276/Rev.1 | Management exemption)","Other"
"306","NIU","Developing",0,"TN/RL/W/276/Rev.1 | Sustainability scenario","Chair's text - Consolidated text (June 2021) - Sustainability scenario (TN/RL/W/276/Rev.1 | Sustainability scenario)","Other"
"307","NLD","Developed",8.9,"TN/RL/W/276/Rev.1","Chair's text - Consolidated text (June 2021) (TN/RL/W/276/Rev.1)","Other"
"308","NLD","Developed",8.9,"TN/RL/W/276/Rev.1 | Management exemption","Chair's text - Consolidated text (June 2021) - Management exemption (TN/RL/W/276/Rev.1 | Management exemption)","Other"
"309","NLD","Developed",100,"TN/RL/W/276/Rev.1 | Sustainability scenario","Chair's text - Consolidated text (June 2021) - Sustainability scenario (TN/RL/W/276/Rev.1 | Sustainability scenario)","Other"
"310","NOR","Developed",33.82,"TN/RL/W/276/Rev.1","Chair's text - Consolidated text (June 2021) (TN/RL/W/276/Rev.1)","Other"
"311","NOR","Developed",33.82,"TN/RL/W/276/Rev.1 | Management exemption","Chair's text - Consolidated text (June 2021) - Management exemption (TN/RL/W/276/Rev.1 | Management exemption)","Other"
"312","NOR","Developed",100,"TN/RL/W/276/Rev.1 | Sustainability scenario","Chair's text - Consolidated text (June 2021) - Sustainability scenario (TN/RL/W/276/Rev.1 | Sustainability scenario)","Other"
"313","NRU","Developing",0,"TN/RL/W/276/Rev.1","Chair's text - Consolidated text (June 2021) (TN/RL/W/276/Rev.1)","Other"
"314","NRU","Developing",0,"TN/RL/W/276/Rev.1 | Management exemption","Chair's text - Consolidated text (June 2021) - Management exemption (TN/RL/W/276/Rev.1 | Management exemption)","Other"
"315","NRU","Developing",0,"TN/RL/W/276/Rev.1 | Sustainability scenario","Chair's text - Consolidated text (June 2021) - Sustainability scenario (TN/RL/W/276/Rev.1 | Sustainability scenario)","Other"
"316","NZL","Developed",2.94,"TN/RL/W/276/Rev.1","Chair's text - Consolidated text (June 2021) (TN/RL/W/276/Rev.1)","Other"
"317","NZL","Developed",2.94,"TN/RL/W/276/Rev.1 | Management exemption","Chair's text - Consolidated text (June 2021) - Management exemption (TN/RL/W/276/Rev.1 | Management exemption)","Other"
"318","NZL","Developed",100,"TN/RL/W/276/Rev.1 | Sustainability scenario","Chair's text - Consolidated text (June 2021) - Sustainability scenario (TN/RL/W/276/Rev.1 | Sustainability scenario)","Other"
"319","OMN","Developing",0,"TN/RL/W/276/Rev.1","Chair's text - Consolidated text (June 2021) (TN/RL/W/276/Rev.1)","Other"
"320","OMN","Developing",99.79,"TN/RL/W/276/Rev.1 | Management exemption","Chair's text - Consolidated text (June 2021) - Management exemption (TN/RL/W/276/Rev.1 | Management exemption)","Other"
"321","OMN","Developing",99.83,"TN/RL/W/276/Rev.1 | Sustainability scenario","Chair's text - Consolidated text (June 2021) - Sustainability scenario (TN/RL/W/276/Rev.1 | Sustainability scenario)","Other"
"322","PAK","Developing",0,"TN/RL/W/276/Rev.1","Chair's text - Consolidated text (June 2021) (TN/RL/W/276/Rev.1)","Other"
"323","PAK","Developing",0,"TN/RL/W/276/Rev.1 | Management exemption","Chair's text - Consolidated text (June 2021) - Management exemption (TN/RL/W/276/Rev.1 | Management exemption)","Other"
"324","PAK","Developing",20,"TN/RL/W/276/Rev.1 | Sustainability scenario","Chair's text - Consolidated text (June 2021) - Sustainability scenario (TN/RL/W/276/Rev.1 | Sustainability scenario)","Other"
"325","PAN","Developing",96.41,"TN/RL/W/276/Rev.1","Chair's text - Consolidated text (June 2021) (TN/RL/W/276/Rev.1)","Other"
"326","PAN","Developing",96.41,"TN/RL/W/276/Rev.1 | Management exemption","Chair's text - Consolidated text (June 2021) - Management exemption (TN/RL/W/276/Rev.1 | Management exemption)","Other"
"327","PAN","Developing",97.13,"TN/RL/W/276/Rev.1 | Sustainability scenario","Chair's text - Consolidated text (June 2021) - Sustainability scenario (TN/RL/W/276/Rev.1 | Sustainability scenario)","Other"
"328","PER","Developing",8.8,"TN/RL/W/276/Rev.1","Chair's text - Consolidated text (June 2021) (TN/RL/W/276/Rev.1)","Other"
"329","PER","Developing",8.8,"TN/RL/W/276/Rev.1 | Management exemption","Chair's text - Consolidated text (June 2021) - Management exemption (TN/RL/W/276/Rev.1 | Management exemption)","Other"
"330","PER","Developing",87.2,"TN/RL/W/276/Rev.1 | Sustainability scenario","Chair's text - Consolidated text (June 2021) - Sustainability scenario (TN/RL/W/276/Rev.1 | Sustainability scenario)","Other"
"331","PHL","Developing",97.46,"TN/RL/W/276/Rev.1","Chair's text - Consolidated text (June 2021) (TN/RL/W/276/Rev.1)","Other"
"332","PHL","Developing",98.2,"TN/RL/W/276/Rev.1 | Management exemption","Chair's text - Consolidated text (June 2021) - Management exemption (TN/RL/W/276/Rev.1 | Management exemption)","Other"
"333","PHL","Developing",98.56,"TN/RL/W/276/Rev.1 | Sustainability scenario","Chair's text - Consolidated text (June 2021) - Sustainability scenario (TN/RL/W/276/Rev.1 | Sustainability scenario)","Other"
"334","PLW","Developing",0,"TN/RL/W/276/Rev.1","Chair's text - Consolidated text (June 2021) (TN/RL/W/276/Rev.1)","Other"
"335","PLW","Developing",0,"TN/RL/W/276/Rev.1 | Management exemption","Chair's text - Consolidated text (June 2021) - Management exemption (TN/RL/W/276/Rev.1 | Management exemption)","Other"
"336","PLW","Developing",0,"TN/RL/W/276/Rev.1 | Sustainability scenario","Chair's text - Consolidated text (June 2021) - Sustainability scenario (TN/RL/W/276/Rev.1 | Sustainability scenario)","Other"
"337","PNG","Developing",60.12,"TN/RL/W/276/Rev.1","Chair's text - Consolidated text (June 2021) (TN/RL/W/276/Rev.1)","Other"
"338","PNG","Developing",60.12,"TN/RL/W/276/Rev.1 | Management exemption","Chair's text - Consolidated text (June 2021) - Management exemption (TN/RL/W/276/Rev.1 | Management exemption)","Other"
"339","PNG","Developing",99.25,"TN/RL/W/276/Rev.1 | Sustainability scenario","Chair's text - Consolidated text (June 2021) - Sustainability scenario (TN/RL/W/276/Rev.1 | Sustainability scenario)","Other"
"340","POL","Developed",23.94,"TN/RL/W/276/Rev.1","Chair's text - Consolidated text (June 2021) (TN/RL/W/276/Rev.1)","Other"
"341","POL","Developed",23.94,"TN/RL/W/276/Rev.1 | Management exemption","Chair's text - Consolidated text (June 2021) - Management exemption (TN/RL/W/276/Rev.1 | Management exemption)","Other"
"342","POL","Developed",100,"TN/RL/W/276/Rev.1 | Sustainability scenario","Chair's text - Consolidated text (June 2021) - Sustainability scenario (TN/RL/W/276/Rev.1 | Sustainability scenario)","Other"
"343","PRK","Developing",0,"TN/RL/W/276/Rev.1","Chair's text - Consolidated text (June 2021) (TN/RL/W/276/Rev.1)","Other"
"344","PRK","Developing",0,"TN/RL/W/276/Rev.1 | Management exemption","Chair's text - Consolidated text (June 2021) - Management exemption (TN/RL/W/276/Rev.1 | Management exemption)","Other"
"345","PRK","Developing",0,"TN/RL/W/276/Rev.1 | Sustainability scenario","Chair's text - Consolidated text (June 2021) - Sustainability scenario (TN/RL/W/276/Rev.1 | Sustainability scenario)","Other"
"346","PRT","Developed",46.29,"TN/RL/W/276/Rev.1","Chair's text - Consolidated text (June 2021) (TN/RL/W/276/Rev.1)","Other"
"347","PRT","Developed",46.29,"TN/RL/W/276/Rev.1 | Management exemption","Chair's text - Consolidated text (June 2021) - Management exemption (TN/RL/W/276/Rev.1 | Management exemption)","Other"
"348","PRT","Developed",100,"TN/RL/W/276/Rev.1 | Sustainability scenario","Chair's text - Consolidated text (June 2021) - Sustainability scenario (TN/RL/W/276/Rev.1 | Sustainability scenario)","Other"
"349","PSE","Developing",0,"TN/RL/W/276/Rev.1","Chair's text - Consolidated text (June 2021) (TN/RL/W/276/Rev.1)","Other"
"350","PSE","Developing",0,"TN/RL/W/276/Rev.1 | Management exemption","Chair's text - Consolidated text (June 2021) - Management exemption (TN/RL/W/276/Rev.1 | Management exemption)","Other"
"351","PSE","Developing",0,"TN/RL/W/276/Rev.1 | Sustainability scenario","Chair's text - Consolidated text (June 2021) - Sustainability scenario (TN/RL/W/276/Rev.1 | Sustainability scenario)","Other"
"352","PYF","Developed",0,"TN/RL/W/276/Rev.1","Chair's text - Consolidated text (June 2021) (TN/RL/W/276/Rev.1)","Other"
"353","PYF","Developed",0,"TN/RL/W/276/Rev.1 | Management exemption","Chair's text - Consolidated text (June 2021) - Management exemption (TN/RL/W/276/Rev.1 | Management exemption)","Other"
"354","PYF","Developed",100,"TN/RL/W/276/Rev.1 | Sustainability scenario","Chair's text - Consolidated text (June 2021) - Sustainability scenario (TN/RL/W/276/Rev.1 | Sustainability scenario)","Other"
"355","QAT","Developing",0.09,"TN/RL/W/276/Rev.1","Chair's text - Consolidated text (June 2021) (TN/RL/W/276/Rev.1)","Other"
"356","QAT","Developing",81.82,"TN/RL/W/276/Rev.1 | Management exemption","Chair's text - Consolidated text (June 2021) - Management exemption (TN/RL/W/276/Rev.1 | Management exemption)","Other"
"357","QAT","Developing",85.46,"TN/RL/W/276/Rev.1 | Sustainability scenario","Chair's text - Consolidated text (June 2021) - Sustainability scenario (TN/RL/W/276/Rev.1 | Sustainability scenario)","Other"
"358","REU","Developed",72.22,"TN/RL/W/276/Rev.1","Chair's text - Consolidated text (June 2021) (TN/RL/W/276/Rev.1)","Other"
"359","REU","Developed",72.22,"TN/RL/W/276/Rev.1 | Management exemption","Chair's text - Consolidated text (June 2021) - Management exemption (TN/RL/W/276/Rev.1 | Management exemption)","Other"
"360","REU","Developed",100,"TN/RL/W/276/Rev.1 | Sustainability scenario","Chair's text - Consolidated text (June 2021) - Sustainability scenario (TN/RL/W/276/Rev.1 | Sustainability scenario)","Other"
"361","ROU","Developing",0,"TN/RL/W/276/Rev.1","Chair's text - Consolidated text (June 2021) (TN/RL/W/276/Rev.1)","Other"
"362","ROU","Developing",0,"TN/RL/W/276/Rev.1 | Management exemption","Chair's text - Consolidated text (June 2021) - Management exemption (TN/RL/W/276/Rev.1 | Management exemption)","Other"
"363","ROU","Developing",33.7,"TN/RL/W/276/Rev.1 | Sustainability scenario","Chair's text - Consolidated text (June 2021) - Sustainability scenario (TN/RL/W/276/Rev.1 | Sustainability scenario)","Other"
"364","RUS","Developed",28.18,"TN/RL/W/276/Rev.1","Chair's text - Consolidated text (June 2021) (TN/RL/W/276/Rev.1)","Other"
"365","RUS","Developed",28.18,"TN/RL/W/276/Rev.1 | Management exemption","Chair's text - Consolidated text (June 2021) - Management exemption (TN/RL/W/276/Rev.1 | Management exemption)","Other"
"366","RUS","Developed",100,"TN/RL/W/276/Rev.1 | Sustainability scenario","Chair's text - Consolidated text (June 2021) - Sustainability scenario (TN/RL/W/276/Rev.1 | Sustainability scenario)","Other"
"367","SAU","Developing",0,"TN/RL/W/276/Rev.1","Chair's text - Consolidated text (June 2021) (TN/RL/W/276/Rev.1)","Other"
"368","SAU","Developing",0,"TN/RL/W/276/Rev.1 | Management exemption","Chair's text - Consolidated text (June 2021) - Management exemption (TN/RL/W/276/Rev.1 | Management exemption)","Other"
"369","SAU","Developing",20,"TN/RL/W/276/Rev.1 | Sustainability scenario","Chair's text - Consolidated text (June 2021) - Sustainability scenario (TN/RL/W/276/Rev.1 | Sustainability scenario)","Other"
"370","SEN","LDC",0,"TN/RL/W/276/Rev.1","Chair's text - Consolidated text (June 2021) (TN/RL/W/276/Rev.1)","Other"
"371","SEN","LDC",0,"TN/RL/W/276/Rev.1 | Management exemption","Chair's text - Consolidated text (June 2021) - Management exemption (TN/RL/W/276/Rev.1 | Management exemption)","Other"
"372","SEN","LDC",89.34,"TN/RL/W/276/Rev.1 | Sustainability scenario","Chair's text - Consolidated text (June 2021) - Sustainability scenario (TN/RL/W/276/Rev.1 | Sustainability scenario)","Other"
"373","SGP","Developing",0.4,"TN/RL/W/276/Rev.1","Chair's text - Consolidated text (June 2021) (TN/RL/W/276/Rev.1)","Other"
"374","SGP","Developing",0.4,"TN/RL/W/276/Rev.1 | Management exemption","Chair's text - Consolidated text (June 2021) - Management exemption (TN/RL/W/276/Rev.1 | Management exemption)","Other"
"375","SGP","Developing",20.32,"TN/RL/W/276/Rev.1 | Sustainability scenario","Chair's text - Consolidated text (June 2021) - Sustainability scenario (TN/RL/W/276/Rev.1 | Sustainability scenario)","Other"
"376","SHN","Developed",1.88,"TN/RL/W/276/Rev.1","Chair's text - Consolidated text (June 2021) (TN/RL/W/276/Rev.1)","Other"
"377","SHN","Developed",1.88,"TN/RL/W/276/Rev.1 | Management exemption","Chair's text - Consolidated text (June 2021) - Management exemption (TN/RL/W/276/Rev.1 | Management exemption)","Other"
"378","SHN","Developed",100,"TN/RL/W/276/Rev.1 | Sustainability scenario","Chair's text - Consolidated text (June 2021) - Sustainability scenario (TN/RL/W/276/Rev.1 | Sustainability scenario)","Other"
"379","SLB","LDC",0,"TN/RL/W/276/Rev.1","Chair's text - Consolidated text (June 2021) (TN/RL/W/276/Rev.1)","Other"
"380","SLB","LDC",0,"TN/RL/W/276/Rev.1 | Management exemption","Chair's text - Consolidated text (June 2021) - Management exemption (TN/RL/W/276/Rev.1 | Management exemption)","Other"
"381","SLB","LDC",98.97,"TN/RL/W/276/Rev.1 | Sustainability scenario","Chair's text - Consolidated text (June 2021) - Sustainability scenario (TN/RL/W/276/Rev.1 | Sustainability scenario)","Other"
"382","SLE","LDC",0,"TN/RL/W/276/Rev.1","Chair's text - Consolidated text (June 2021) (TN/RL/W/276/Rev.1)","Other"
"383","SLE","LDC",0,"TN/RL/W/276/Rev.1 | Management exemption","Chair's text - Consolidated text (June 2021) - Management exemption (TN/RL/W/276/Rev.1 | Management exemption)","Other"
"384","SLE","LDC",20,"TN/RL/W/276/Rev.1 | Sustainability scenario","Chair's text - Consolidated text (June 2021) - Sustainability scenario (TN/RL/W/276/Rev.1 | Sustainability scenario)","Other"
"385","SLV","Developing",99.86,"TN/RL/W/276/Rev.1","Chair's text - Consolidated text (June 2021) (TN/RL/W/276/Rev.1)","Other"
"386","SLV","Developing",99.86,"TN/RL/W/276/Rev.1 | Management exemption","Chair's text - Consolidated text (June 2021) - Management exemption (TN/RL/W/276/Rev.1 | Management exemption)","Other"
"387","SLV","Developing",99.89,"TN/RL/W/276/Rev.1 | Sustainability scenario","Chair's text - Consolidated text (June 2021) - Sustainability scenario (TN/RL/W/276/Rev.1 | Sustainability scenario)","Other"
"388","SPM","Developed",40.54,"TN/RL/W/276/Rev.1","Chair's text - Consolidated text (June 2021) (TN/RL/W/276/Rev.1)","Other"
"389","SPM","Developed",40.54,"TN/RL/W/276/Rev.1 | Management exemption","Chair's text - Consolidated text (June 2021) - Management exemption (TN/RL/W/276/Rev.1 | Management exemption)","Other"
"390","SPM","Developed",100,"TN/RL/W/276/Rev.1 | Sustainability scenario","Chair's text - Consolidated text (June 2021) - Sustainability scenario (TN/RL/W/276/Rev.1 | Sustainability scenario)","Other"
"391","SRB","Developed",0,"TN/RL/W/276/Rev.1","Chair's text - Consolidated text (June 2021) (TN/RL/W/276/Rev.1)","Other"
"392","SRB","Developed",0,"TN/RL/W/276/Rev.1 | Management exemption","Chair's text - Consolidated text (June 2021) - Management exemption (TN/RL/W/276/Rev.1 | Management exemption)","Other"
"393","SRB","Developed",0,"TN/RL/W/276/Rev.1 | Sustainability scenario","Chair's text - Consolidated text (June 2021) - Sustainability scenario (TN/RL/W/276/Rev.1 | Sustainability scenario)","Other"
"394","STP","LDC",0,"TN/RL/W/276/Rev.1","Chair's text - Consolidated text (June 2021) (TN/RL/W/276/Rev.1)","Other"
"395","STP","LDC",0,"TN/RL/W/276/Rev.1 | Management exemption","Chair's text - Consolidated text (June 2021) - Management exemption (TN/RL/W/276/Rev.1 | Management exemption)","Other"
"396","STP","LDC",94.32,"TN/RL/W/276/Rev.1 | Sustainability scenario","Chair's text - Consolidated text (June 2021) - Sustainability scenario (TN/RL/W/276/Rev.1 | Sustainability scenario)","Other"
"397","SVK","Developed",0,"TN/RL/W/276/Rev.1","Chair's text - Consolidated text (June 2021) (TN/RL/W/276/Rev.1)","Other"
"398","SVK","Developed",0,"TN/RL/W/276/Rev.1 | Management exemption","Chair's text - Consolidated text (June 2021) - Management exemption (TN/RL/W/276/Rev.1 | Management exemption)","Other"
"399","SVK","Developed",0,"TN/RL/W/276/Rev.1 | Sustainability scenario","Chair's text - Consolidated text (June 2021) - Sustainability scenario (TN/RL/W/276/Rev.1 | Sustainability scenario)","Other"
"400","SVN","Developed",33.64,"TN/RL/W/276/Rev.1","Chair's text - Consolidated text (June 2021) (TN/RL/W/276/Rev.1)","Other"
"401","SVN","Developed",33.64,"TN/RL/W/276/Rev.1 | Management exemption","Chair's text - Consolidated text (June 2021) - Management exemption (TN/RL/W/276/Rev.1 | Management exemption)","Other"
"402","SVN","Developed",100,"TN/RL/W/276/Rev.1 | Sustainability scenario","Chair's text - Consolidated text (June 2021) - Sustainability scenario (TN/RL/W/276/Rev.1 | Sustainability scenario)","Other"
"403","SWE","Developed",0,"TN/RL/W/276/Rev.1","Chair's text - Consolidated text (June 2021) (TN/RL/W/276/Rev.1)","Other"
"404","SWE","Developed",0,"TN/RL/W/276/Rev.1 | Management exemption","Chair's text - Consolidated text (June 2021) - Management exemption (TN/RL/W/276/Rev.1 | Management exemption)","Other"
"405","SWE","Developed",100,"TN/RL/W/276/Rev.1 | Sustainability scenario","Chair's text - Consolidated text (June 2021) - Sustainability scenario (TN/RL/W/276/Rev.1 | Sustainability scenario)","Other"
"406","SYC","Developing",99.21,"TN/RL/W/276/Rev.1","Chair's text - Consolidated text (June 2021) (TN/RL/W/276/Rev.1)","Other"
"407","SYC","Developing",99.21,"TN/RL/W/276/Rev.1 | Management exemption","Chair's text - Consolidated text (June 2021) - Management exemption (TN/RL/W/276/Rev.1 | Management exemption)","Other"
"408","SYC","Developing",99.78,"TN/RL/W/276/Rev.1 | Sustainability scenario","Chair's text - Consolidated text (June 2021) - Sustainability scenario (TN/RL/W/276/Rev.1 | Sustainability scenario)","Other"
"409","TCA","Developed",100,"TN/RL/W/276/Rev.1","Chair's text - Consolidated text (June 2021) (TN/RL/W/276/Rev.1)","Other"
"410","TCA","Developed",100,"TN/RL/W/276/Rev.1 | Management exemption","Chair's text - Consolidated text (June 2021) - Management exemption (TN/RL/W/276/Rev.1 | Management exemption)","Other"
"411","TCA","Developed",100,"TN/RL/W/276/Rev.1 | Sustainability scenario","Chair's text - Consolidated text (June 2021) - Sustainability scenario (TN/RL/W/276/Rev.1 | Sustainability scenario)","Other"
"412","TGO","LDC",0,"TN/RL/W/276/Rev.1","Chair's text - Consolidated text (June 2021) (TN/RL/W/276/Rev.1)","Other"
"413","TGO","LDC",0,"TN/RL/W/276/Rev.1 | Management exemption","Chair's text - Consolidated text (June 2021) - Management exemption (TN/RL/W/276/Rev.1 | Management exemption)","Other"
"414","TGO","LDC",20,"TN/RL/W/276/Rev.1 | Sustainability scenario","Chair's text - Consolidated text (June 2021) - Sustainability scenario (TN/RL/W/276/Rev.1 | Sustainability scenario)","Other"
"415","THA","Developing",5.19,"TN/RL/W/276/Rev.1","Chair's text - Consolidated text (June 2021) (TN/RL/W/276/Rev.1)","Other"
"416","THA","Developing",12.64,"TN/RL/W/276/Rev.1 | Management exemption","Chair's text - Consolidated text (June 2021) - Management exemption (TN/RL/W/276/Rev.1 | Management exemption)","Other"
"417","THA","Developing",30.11,"TN/RL/W/276/Rev.1 | Sustainability scenario","Chair's text - Consolidated text (June 2021) - Sustainability scenario (TN/RL/W/276/Rev.1 | Sustainability scenario)","Other"
"418","TLS","LDC",0,"TN/RL/W/276/Rev.1","Chair's text - Consolidated text (June 2021) (TN/RL/W/276/Rev.1)","Other"
"419","TLS","LDC",0,"TN/RL/W/276/Rev.1 | Management exemption","Chair's text - Consolidated text (June 2021) - Management exemption (TN/RL/W/276/Rev.1 | Management exemption)","Other"
"420","TLS","LDC",0,"TN/RL/W/276/Rev.1 | Sustainability scenario","Chair's text - Consolidated text (June 2021) - Sustainability scenario (TN/RL/W/276/Rev.1 | Sustainability scenario)","Other"
"421","TUN","Developing",21.08,"TN/RL/W/276/Rev.1","Chair's text - Consolidated text (June 2021) (TN/RL/W/276/Rev.1)","Other"
"422","TUN","Developing",21.08,"TN/RL/W/276/Rev.1 | Management exemption","Chair's text - Consolidated text (June 2021) - Management exemption (TN/RL/W/276/Rev.1 | Management exemption)","Other"
"423","TUN","Developing",75.84,"TN/RL/W/276/Rev.1 | Sustainability scenario","Chair's text - Consolidated text (June 2021) - Sustainability scenario (TN/RL/W/276/Rev.1 | Sustainability scenario)","Other"
"424","TUR","Developing",2.13,"TN/RL/W/276/Rev.1","Chair's text - Consolidated text (June 2021) (TN/RL/W/276/Rev.1)","Other"
"425","TUR","Developing",5.58,"TN/RL/W/276/Rev.1 | Management exemption","Chair's text - Consolidated text (June 2021) - Management exemption (TN/RL/W/276/Rev.1 | Management exemption)","Other"
"426","TUR","Developing",24.46,"TN/RL/W/276/Rev.1 | Sustainability scenario","Chair's text - Consolidated text (June 2021) - Sustainability scenario (TN/RL/W/276/Rev.1 | Sustainability scenario)","Other"
"427","TUV","LDC",0,"TN/RL/W/276/Rev.1","Chair's text - Consolidated text (June 2021) (TN/RL/W/276/Rev.1)","Other"
"428","TUV","LDC",0,"TN/RL/W/276/Rev.1 | Management exemption","Chair's text - Consolidated text (June 2021) - Management exemption (TN/RL/W/276/Rev.1 | Management exemption)","Other"
"429","TUV","LDC",0,"TN/RL/W/276/Rev.1 | Sustainability scenario","Chair's text - Consolidated text (June 2021) - Sustainability scenario (TN/RL/W/276/Rev.1 | Sustainability scenario)","Other"
"430","TWN","Developing",95.02,"TN/RL/W/276/Rev.1","Chair's text - Consolidated text (June 2021) (TN/RL/W/276/Rev.1)","Other"
"431","TWN","Developing",95.02,"TN/RL/W/276/Rev.1 | Management exemption","Chair's text - Consolidated text (June 2021) - Management exemption (TN/RL/W/276/Rev.1 | Management exemption)","Other"
"432","TWN","Developing",96.62,"TN/RL/W/276/Rev.1 | Sustainability scenario","Chair's text - Consolidated text (June 2021) - Sustainability scenario (TN/RL/W/276/Rev.1 | Sustainability scenario)","Other"
"433","UKR","Developed",69.38,"TN/RL/W/276/Rev.1","Chair's text - Consolidated text (June 2021) (TN/RL/W/276/Rev.1)","Other"
"434","UKR","Developed",69.38,"TN/RL/W/276/Rev.1 | Management exemption","Chair's text - Consolidated text (June 2021) - Management exemption (TN/RL/W/276/Rev.1 | Management exemption)","Other"
"435","UKR","Developed",100,"TN/RL/W/276/Rev.1 | Sustainability scenario","Chair's text - Consolidated text (June 2021) - Sustainability scenario (TN/RL/W/276/Rev.1 | Sustainability scenario)","Other"
"436","URY","Developing",44.25,"TN/RL/W/276/Rev.1","Chair's text - Consolidated text (June 2021) (TN/RL/W/276/Rev.1)","Other"
"437","URY","Developing",44.25,"TN/RL/W/276/Rev.1 | Management exemption","Chair's text - Consolidated text (June 2021) - Management exemption (TN/RL/W/276/Rev.1 | Management exemption)","Other"
"438","URY","Developing",88.85,"TN/RL/W/276/Rev.1 | Sustainability scenario","Chair's text - Consolidated text (June 2021) - Sustainability scenario (TN/RL/W/276/Rev.1 | Sustainability scenario)","Other"
"439","USA","Developed",28.46,"TN/RL/W/276/Rev.1","Chair's text - Consolidated text (June 2021) (TN/RL/W/276/Rev.1)","Other"
"440","USA","Developed",28.46,"TN/RL/W/276/Rev.1 | Management exemption","Chair's text - Consolidated text (June 2021) - Management exemption (TN/RL/W/276/Rev.1 | Management exemption)","Other"
"441","USA","Developed",100,"TN/RL/W/276/Rev.1 | Sustainability scenario","Chair's text - Consolidated text (June 2021) - Sustainability scenario (TN/RL/W/276/Rev.1 | Sustainability scenario)","Other"
"442","VCT","Developing",98.29,"TN/RL/W/276/Rev.1","Chair's text - Consolidated text (June 2021) (TN/RL/W/276/Rev.1)","Other"
"443","VCT","Developing",98.29,"TN/RL/W/276/Rev.1 | Management exemption","Chair's text - Consolidated text (June 2021) - Management exemption (TN/RL/W/276/Rev.1 | Management exemption)","Other"
"444","VCT","Developing",99.99,"TN/RL/W/276/Rev.1 | Sustainability scenario","Chair's text - Consolidated text (June 2021) - Sustainability scenario (TN/RL/W/276/Rev.1 | Sustainability scenario)","Other"
"445","VEN","Developing",53.63,"TN/RL/W/276/Rev.1","Chair's text - Consolidated text (June 2021) (TN/RL/W/276/Rev.1)","Other"
"446","VEN","Developing",53.63,"TN/RL/W/276/Rev.1 | Management exemption","Chair's text - Consolidated text (June 2021) - Management exemption (TN/RL/W/276/Rev.1 | Management exemption)","Other"
"447","VEN","Developing",94.31,"TN/RL/W/276/Rev.1 | Sustainability scenario","Chair's text - Consolidated text (June 2021) - Sustainability scenario (TN/RL/W/276/Rev.1 | Sustainability scenario)","Other"
"448","VGB","Developed",100,"TN/RL/W/276/Rev.1","Chair's text - Consolidated text (June 2021) (TN/RL/W/276/Rev.1)","Other"
"449","VGB","Developed",100,"TN/RL/W/276/Rev.1 | Management exemption","Chair's text - Consolidated text (June 2021) - Management exemption (TN/RL/W/276/Rev.1 | Management exemption)","Other"
"450","VGB","Developed",100,"TN/RL/W/276/Rev.1 | Sustainability scenario","Chair's text - Consolidated text (June 2021) - Sustainability scenario (TN/RL/W/276/Rev.1 | Sustainability scenario)","Other"
"451","VNM","Developing",22.92,"TN/RL/W/276/Rev.1","Chair's text - Consolidated text (June 2021) (TN/RL/W/276/Rev.1)","Other"
"452","VNM","Developing",22.92,"TN/RL/W/276/Rev.1 | Management exemption","Chair's text - Consolidated text (June 2021) - Management exemption (TN/RL/W/276/Rev.1 | Management exemption)","Other"
"453","VNM","Developing",40.77,"TN/RL/W/276/Rev.1 | Sustainability scenario","Chair's text - Consolidated text (June 2021) - Sustainability scenario (TN/RL/W/276/Rev.1 | Sustainability scenario)","Other"
"454","VUT","LDC",0.33,"TN/RL/W/276/Rev.1","Chair's text - Consolidated text (June 2021) (TN/RL/W/276/Rev.1)","Other"
"455","VUT","LDC",0.33,"TN/RL/W/276/Rev.1 | Management exemption","Chair's text - Consolidated text (June 2021) - Management exemption (TN/RL/W/276/Rev.1 | Management exemption)","Other"
"456","VUT","LDC",99.73,"TN/RL/W/276/Rev.1 | Sustainability scenario","Chair's text - Consolidated text (June 2021) - Sustainability scenario (TN/RL/W/276/Rev.1 | Sustainability scenario)","Other"
"457","WSM","Developing",97.4,"TN/RL/W/276/Rev.1","Chair's text - Consolidated text (June 2021) (TN/RL/W/276/Rev.1)","Other"
"458","WSM","Developing",97.4,"TN/RL/W/276/Rev.1 | Management exemption","Chair's text - Consolidated text (June 2021) - Management exemption (TN/RL/W/276/Rev.1 | Management exemption)","Other"
"459","WSM","Developing",97.92,"TN/RL/W/276/Rev.1 | Sustainability scenario","Chair's text - Consolidated text (June 2021) - Sustainability scenario (TN/RL/W/276/Rev.1 | Sustainability scenario)","Other"
"460","YEM","LDC",0,"TN/RL/W/276/Rev.1","Chair's text - Consolidated text (June 2021) (TN/RL/W/276/Rev.1)","Other"
"461","YEM","LDC",0,"TN/RL/W/276/Rev.1 | Management exemption","Chair's text - Consolidated text (June 2021) - Management exemption (TN/RL/W/276/Rev.1 | Management exemption)","Other"
"462","YEM","LDC",100,"TN/RL/W/276/Rev.1 | Sustainability scenario","Chair's text - Consolidated text (June 2021) - Sustainability scenario (TN/RL/W/276/Rev.1 | Sustainability scenario)","Other"
"463","ZAF","Developing",3.08,"TN/RL/W/276/Rev.1","Chair's text - Consolidated text (June 2021) (TN/RL/W/276/Rev.1)","Other"
"464","ZAF","Developing",3.08,"TN/RL/W/276/Rev.1 | Management exemption","Chair's text - Consolidated text (June 2021) - Management exemption (TN/RL/W/276/Rev.1 | Management exemption)","Other"
"465","ZAF","Developing",95.08,"TN/RL/W/276/Rev.1 | Sustainability scenario","Chair's text - Consolidated text (June 2021) - Sustainability scenario (TN/RL/W/276/Rev.1 | Sustainability scenario)","Other"
