"","Id","Name","Category","Year","Region","Biomass","Catches","Fishing Mortality","Revenue"
"1","Ambitious Reform","All subsidies","Ambitious Reform",2050,"atlantic",0.0634333714303904,-0.023042997038569,-0.0813180879895116,-0.0030361602746046
"2","Ambitious Reform","All subsidies","Ambitious Reform",2050,"indian",0.06832214042991,0.0107690794888039,-0.0538723843333863,0.00139812941979551
"3","Ambitious Reform","All subsidies","Ambitious Reform",2050,"pacific",0.192633834020329,0.0664626424607847,-0.105792061201404,0.00842843793080253
"4","Ambitious Reform","All subsidies","Ambitious Reform",2080,"atlantic",0.0649551969233576,-0.0234828863748109,-0.0830439473450761,-0.00309472361562398
"5","Ambitious Reform","All subsidies","Ambitious Reform",2080,"indian",0.0686133288244668,0.0108071417112594,-0.0540945780423657,0.00140304794928308
"6","Ambitious Reform","All subsidies","Ambitious Reform",2080,"pacific",0.192629673302975,0.0664581450710719,-0.105792712571433,0.00842788323590041
"7","RD/TN/RL/104","EU - IUU (RD/TN/RL/104)","IUU",2050,"atlantic",0.000125118492030534,-3.82832717760742e-05,-0.000163381321781964,-4.99355334950541e-06
"8","RD/TN/RL/104","EU - IUU (RD/TN/RL/104)","IUU",2050,"indian",1.44766541024021e-05,2.74738544271168e-06,-1.1729098861698e-05,3.58354194800116e-07
"9","RD/TN/RL/104","EU - IUU (RD/TN/RL/104)","IUU",2050,"pacific",1.57928880528112e-05,6.1858324518903e-06,-9.60690388020401e-06,8.0684554097813e-07
"10","RD/TN/RL/104","EU - IUU (RD/TN/RL/104)","IUU",2080,"atlantic",0.000124544118578889,-3.84777183689884e-05,-0.000163001536065232,-5.01891679520701e-06
"11","RD/TN/RL/104","EU - IUU (RD/TN/RL/104)","IUU",2080,"indian",1.45527252650309e-05,2.76196578233395e-06,-1.17905878975592e-05,3.60255973841679e-07
"12","RD/TN/RL/104","EU - IUU (RD/TN/RL/104)","IUU",2080,"pacific",1.80636920362064e-05,7.27379264272987e-06,-1.07897044914966e-05,9.48752561577377e-07
"13","RD/TN/RL/112/Rev.1","EU and others - Overfishing and overcapacity (RD/TN/RL/112/Rev.1)","OFOC",2050,"atlantic",0.0106339964630402,-0.00373665928175208,-0.0142194462041509,-0.000488184021095669
"14","RD/TN/RL/112/Rev.1","EU and others - Overfishing and overcapacity (RD/TN/RL/112/Rev.1)","OFOC",2050,"indian",8.68269722674472e-06,7.66579142450832e-07,-7.91604935156785e-06,9.99885503528113e-08
"15","RD/TN/RL/112/Rev.1","EU and others - Overfishing and overcapacity (RD/TN/RL/112/Rev.1)","OFOC",2050,"pacific",0.00249708150258238,0.000961458220504179,-0.00153179825698496,0.000125355201818757
"16","RD/TN/RL/112/Rev.1","EU and others - Overfishing and overcapacity (RD/TN/RL/112/Rev.1)","OFOC",2080,"atlantic",0.011877379787311,-0.00386810821987716,-0.015560668043096,-0.000505386427300599
"17","RD/TN/RL/112/Rev.1","EU and others - Overfishing and overcapacity (RD/TN/RL/112/Rev.1)","OFOC",2080,"indian",1.72315376667376e-05,2.42414939049259e-06,-1.48071331265839e-05,3.16193065564654e-07
"18","RD/TN/RL/112/Rev.1","EU and others - Overfishing and overcapacity (RD/TN/RL/112/Rev.1)","OFOC",2080,"pacific",0.00302765164629343,0.00120429279290815,-0.00181785502163618,0.00015699948147942
"19","RD/TN/RL/113","Facilitator's working text - IUU (RD/TN/RL/113)","IUU",2050,"atlantic",0.000125118492030534,-3.82832717760742e-05,-0.000163381321781964,-4.99355334950541e-06
"20","RD/TN/RL/113","Facilitator's working text - IUU (RD/TN/RL/113)","IUU",2050,"indian",1.44766541024021e-05,2.74738544271168e-06,-1.1729098861698e-05,3.58354194800116e-07
"21","RD/TN/RL/113","Facilitator's working text - IUU (RD/TN/RL/113)","IUU",2050,"pacific",1.57928880528112e-05,6.1858324518903e-06,-9.60690388020401e-06,8.0684554097813e-07
"22","RD/TN/RL/113","Facilitator's working text - IUU (RD/TN/RL/113)","IUU",2080,"atlantic",0.000124544118578889,-3.84777183689884e-05,-0.000163001536065232,-5.01891679520701e-06
"23","RD/TN/RL/113","Facilitator's working text - IUU (RD/TN/RL/113)","IUU",2080,"indian",1.45527252650309e-05,2.76196578233395e-06,-1.17905878975592e-05,3.60255973841679e-07
"24","RD/TN/RL/113","Facilitator's working text - IUU (RD/TN/RL/113)","IUU",2080,"pacific",1.80636920362064e-05,7.27379264272987e-06,-1.07897044914966e-05,9.48752561577377e-07
"25","RD/TN/RL/119 | Objective Definition","Facilitator's text - Overfished (RD/TN/RL/119 | Objective Definition)","Overfished",2050,"atlantic",0.0211703949336709,-0.00770839092373723,-0.0282800852832047,-0.00100882828584172
"26","RD/TN/RL/119 | Objective Definition","Facilitator's text - Overfished (RD/TN/RL/119 | Objective Definition)","Overfished",2050,"indian",1.37438569133766e-05,1.21339771016569e-06,-1.25302869887794e-05,1.58269183038839e-07
"27","RD/TN/RL/119 | Objective Definition","Facilitator's text - Overfished (RD/TN/RL/119 | Objective Definition)","Overfished",2050,"pacific",0.0189176524993017,0.00728385059469987,-0.011417803858894,0.000947072294657614
"28","RD/TN/RL/119 | Objective Definition","Facilitator's text - Overfished (RD/TN/RL/119 | Objective Definition)","Overfished",2080,"atlantic",0.0238637009723546,-0.00798675378524849,-0.031108100352962,-0.00104538608294884
"29","RD/TN/RL/119 | Objective Definition","Facilitator's text - Overfished (RD/TN/RL/119 | Objective Definition)","Overfished",2080,"indian",2.72756025791444e-05,3.83704591413683e-06,-2.34379173816544e-05,5.00483414779568e-07
"30","RD/TN/RL/119 | Objective Definition","Facilitator's text - Overfished (RD/TN/RL/119 | Objective Definition)","Overfished",2080,"pacific",0.0211919064811918,0.00842798958658155,-0.0124990384408666,0.0010952957960583
"31","RD/TN/RL/119 | Relevant Authorities","Facilitator's text - Overfished (RD/TN/RL/119 | Relevant Authorities)","Overfished",2050,"atlantic",0.00958093521405164,-0.00333189719483853,-0.0127902894740701,-0.000435226173545434
"32","RD/TN/RL/119 | Relevant Authorities","Facilitator's text - Overfished (RD/TN/RL/119 | Relevant Authorities)","Overfished",2050,"indian",0,0,0,0
"33","RD/TN/RL/119 | Relevant Authorities","Facilitator's text - Overfished (RD/TN/RL/119 | Relevant Authorities)","Overfished",2050,"pacific",0.000558065987777568,0.000187014083018249,-0.00037084494880673,2.43911580765353e-05
"34","RD/TN/RL/119 | Relevant Authorities","Facilitator's text - Overfished (RD/TN/RL/119 | Relevant Authorities)","Overfished",2080,"atlantic",0.0106317850829826,-0.00344645999021681,-0.0139301427888926,-0.00045021332545692
"35","RD/TN/RL/119 | Relevant Authorities","Facilitator's text - Overfished (RD/TN/RL/119 | Relevant Authorities)","Overfished",2080,"indian",0,0,0,0
"36","RD/TN/RL/119 | Relevant Authorities","Facilitator's text - Overfished (RD/TN/RL/119 | Relevant Authorities)","Overfished",2080,"pacific",0.00105730066693999,0.000394414204584819,-0.000662186332304399,5.14365111269854e-05
"37","RD/TN/RL/121","Canada - Overfishing and overcapacity (RD/TN/RL/121)","OFOC",2050,"atlantic",0.0240978598863096,-0.00877873179229315,-0.0321029785984052,-0.00114944651462654
"38","RD/TN/RL/121","Canada - Overfishing and overcapacity (RD/TN/RL/121)","OFOC",2050,"indian",0.0830125030215655,-0.0545033050394952,-0.126975272840707,-0.00728354803738637
"39","RD/TN/RL/121","Canada - Overfishing and overcapacity (RD/TN/RL/121)","OFOC",2050,"pacific",0.0393332654700309,0.0150247432865826,-0.0233885732238687,0.0019470656605169
"40","RD/TN/RL/121","Canada - Overfishing and overcapacity (RD/TN/RL/121)","OFOC",2080,"atlantic",0.0269549635835612,-0.00907386798613892,-0.0350831661049452,-0.00118824386104522
"41","RD/TN/RL/121","Canada - Overfishing and overcapacity (RD/TN/RL/121)","OFOC",2080,"indian",0.0830186047324128,-0.0544880844501865,-0.12696613759149,-0.00728146360865395
"42","RD/TN/RL/121","Canada - Overfishing and overcapacity (RD/TN/RL/121)","OFOC",2080,"pacific",0.0425887099603934,0.0166889773912234,-0.0248417543003644,0.00216119027567278
"43","RD/TN/RL/124","Brazil - Formula (RD/TN/RL/124)","OFOC",2050,"atlantic",0.0352428994327612,-0.0119233058397508,-0.0455605204327947,-0.0015633365289596
"44","RD/TN/RL/124","Brazil - Formula (RD/TN/RL/124)","OFOC",2050,"indian",0.0451325836518078,0.00760269988294618,-0.0359092084161496,0.000988394010780482
"45","RD/TN/RL/124","Brazil - Formula (RD/TN/RL/124)","OFOC",2050,"pacific",0.110442562444453,0.0410560410995256,-0.0624854663281142,0.00526192014984854
"46","RD/TN/RL/124","Brazil - Formula (RD/TN/RL/124)","OFOC",2080,"atlantic",0.0353839666136671,-0.0119046356029646,-0.0456725270445263,-0.00156087576735767
"47","RD/TN/RL/124","Brazil - Formula (RD/TN/RL/124)","OFOC",2080,"indian",0.0453169584965941,0.00763066938682365,-0.0360524994868273,0.00099201821498458
"48","RD/TN/RL/124","Brazil - Formula (RD/TN/RL/124)","OFOC",2080,"pacific",0.110439815192045,0.0410530528136558,-0.0624858379797816,0.00526154377445322
"49","RD/TN/RL/125","LDC - Full text (RD/TN/RL/125)","Other",2050,"atlantic",0.0151655525034239,-0.00539688394166301,-0.0202552543221935,-0.000705598738918442
"50","RD/TN/RL/125","LDC - Full text (RD/TN/RL/125)","Other",2050,"indian",0.00197190480671243,0.000365614313184714,-0.00160312927520406,4.76812444393155e-05
"51","RD/TN/RL/125","LDC - Full text (RD/TN/RL/125)","Other",2050,"pacific",0.012170337302684,0.0048232730590974,-0.00725872313465115,0.000627807207497248
"52","RD/TN/RL/125","LDC - Full text (RD/TN/RL/125)","Other",2080,"atlantic",0.0173302755784476,-0.00580788715309379,-0.0227440028936376,-0.000759470393451753
"53","RD/TN/RL/125","LDC - Full text (RD/TN/RL/125)","Other",2080,"indian",0.00204418804893769,0.000379903703596672,-0.00166088917553789,4.954447404199e-05
"54","RD/TN/RL/125","LDC - Full text (RD/TN/RL/125)","Other",2080,"pacific",0.0133305033563459,0.00530910760467922,-0.00791587317770289,0.000690899079641087
"55","RD/TN/RL/126 | Objective Definition","Chair's text - Consolidated text (RD/TN/RL/126 | Objective Definition)","Other",2050,"atlantic",0.0258905389177117,-0.00947779756691438,-0.034475740971292,-0.00124135901248669
"56","RD/TN/RL/126 | Objective Definition","Chair's text - Consolidated text (RD/TN/RL/126 | Objective Definition)","Other",2050,"indian",0.00204957096160359,0.000377356108659528,-0.00166879454011372,4.92122884174822e-05
"57","RD/TN/RL/126 | Objective Definition","Chair's text - Consolidated text (RD/TN/RL/126 | Objective Definition)","Other",2050,"pacific",0.0300599143468279,0.0116288855683741,-0.0178931618653864,0.00150919722544074
"58","RD/TN/RL/126 | Objective Definition","Chair's text - Consolidated text (RD/TN/RL/126 | Objective Definition)","Other",2080,"atlantic",0.0290392043009767,-0.00983613274881892,-0.0377782856934041,-0.00128849444791699
"59","RD/TN/RL/126 | Objective Definition","Chair's text - Consolidated text (RD/TN/RL/126 | Objective Definition)","Other",2080,"indian",0.0021488884724611,0.000396965908541832,-0.00174816595026082,5.17692276004151e-05
"60","RD/TN/RL/126 | Objective Definition","Chair's text - Consolidated text (RD/TN/RL/126 | Objective Definition)","Other",2080,"pacific",0.0322407435797204,0.0127581544174441,-0.0188740749514618,0.00165494898328494
"61","RD/TN/RL/126 | RD/TN/RL/124 | Objective Definition","Chair's text - Consolidated text (RD/TN/RL/126 | RD/TN/RL/124 | Objective Definition)","Other",2050,"atlantic",0.0575493572944603,-0.0204031477709756,-0.0737105124481969,-0.00268519282464716
"62","RD/TN/RL/126 | RD/TN/RL/124 | Objective Definition","Chair's text - Consolidated text (RD/TN/RL/126 | RD/TN/RL/124 | Objective Definition)","Other",2050,"indian",0.0581635712376064,0.00943826342935327,-0.0460470471037526,0.00122605551073681
"63","RD/TN/RL/126 | RD/TN/RL/124 | Objective Definition","Chair's text - Consolidated text (RD/TN/RL/126 | RD/TN/RL/124 | Objective Definition)","Other",2050,"pacific",0.109761890689601,0.0408275996923215,-0.0621162896073531,0.00523314518471323
"64","RD/TN/RL/126 | RD/TN/RL/124 | Objective Definition","Chair's text - Consolidated text (RD/TN/RL/126 | RD/TN/RL/124 | Objective Definition)","Other",2080,"atlantic",0.0576166842069114,-0.0203389562229454,-0.0737087846607814,-0.00267666881797425
"65","RD/TN/RL/126 | RD/TN/RL/124 | Objective Definition","Chair's text - Consolidated text (RD/TN/RL/126 | RD/TN/RL/124 | Objective Definition)","Other",2080,"indian",0.0584475996848069,0.00947800561394464,-0.0462654873849634,0.00123119701382503
"66","RD/TN/RL/126 | RD/TN/RL/124 | Objective Definition","Chair's text - Consolidated text (RD/TN/RL/126 | RD/TN/RL/124 | Objective Definition)","Other",2080,"pacific",0.109759332236149,0.0408248514111715,-0.0621166038640792,0.00523279897194795
"67","RD/TN/RL/126 | RD/TN/RL/124 | Relevant Authorities","Chair's text - Consolidated text (RD/TN/RL/126 | RD/TN/RL/124 | Relevant Authorities)","Other",2050,"atlantic",0.0574718729364047,-0.0203614442486116,-0.0736032032406568,-0.00267965495148855
"68","RD/TN/RL/126 | RD/TN/RL/124 | Relevant Authorities","Chair's text - Consolidated text (RD/TN/RL/126 | RD/TN/RL/124 | Relevant Authorities)","Other",2050,"indian",0.0581609120419622,0.00943817116561392,-0.0460447369789219,0.00122604357424046
"69","RD/TN/RL/126 | RD/TN/RL/124 | Relevant Authorities","Chair's text - Consolidated text (RD/TN/RL/126 | RD/TN/RL/124 | Relevant Authorities)","Other",2050,"pacific",0.109761878739847,0.0408275849535486,-0.0621162927893816,0.00523314332800871
"70","RD/TN/RL/126 | RD/TN/RL/124 | Relevant Authorities","Chair's text - Consolidated text (RD/TN/RL/126 | RD/TN/RL/124 | Relevant Authorities)","Other",2080,"atlantic",0.0576174388512292,-0.0203386226229658,-0.0737091301736382,-0.00267662452044435
"71","RD/TN/RL/126 | RD/TN/RL/124 | Relevant Authorities","Chair's text - Consolidated text (RD/TN/RL/126 | RD/TN/RL/124 | Relevant Authorities)","Other",2080,"indian",0.0584423692316605,0.00947755261935417,-0.0462612023438279,0.00123113841026078
"72","RD/TN/RL/126 | RD/TN/RL/124 | Relevant Authorities","Chair's text - Consolidated text (RD/TN/RL/126 | RD/TN/RL/124 | Relevant Authorities)","Other",2080,"pacific",0.109759332236123,0.040824851411199,-0.0621166038640322,0.00523279897195142
"73","RD/TN/RL/126 | RD/TN/RL/81 | Objective Definition","Chair's text - Consolidated text (RD/TN/RL/126 | RD/TN/RL/81 | Objective Definition)","Other",2050,"atlantic",0.0487800467937974,-0.0170087436755602,-0.0627288731040212,-0.00223511411243213
"74","RD/TN/RL/126 | RD/TN/RL/81 | Objective Definition","Chair's text - Consolidated text (RD/TN/RL/126 | RD/TN/RL/81 | Objective Definition)","Other",2050,"indian",0.0376781259957422,0.00646995105453002,-0.0300750051093784,0.000841542258590371
"75","RD/TN/RL/126 | RD/TN/RL/81 | Objective Definition","Chair's text - Consolidated text (RD/TN/RL/126 | RD/TN/RL/81 | Objective Definition)","Other",2050,"pacific",0.0671837631093278,0.0259480295593613,-0.0386397684966859,0.00334694839349458
"76","RD/TN/RL/126 | RD/TN/RL/81 | Objective Definition","Chair's text - Consolidated text (RD/TN/RL/126 | RD/TN/RL/81 | Objective Definition)","Other",2080,"atlantic",0.0488983249636314,-0.0169382520624277,-0.062767358340802,-0.00222578165777732
"77","RD/TN/RL/126 | RD/TN/RL/81 | Objective Definition","Chair's text - Consolidated text (RD/TN/RL/126 | RD/TN/RL/81 | Objective Definition)","Other",2080,"indian",0.0379201869957868,0.00650835991632272,-0.0302642028481827,0.000846524011242519
"78","RD/TN/RL/126 | RD/TN/RL/81 | Objective Definition","Chair's text - Consolidated text (RD/TN/RL/126 | RD/TN/RL/81 | Objective Definition)","Other",2080,"pacific",0.0671824639128253,0.0259466707077518,-0.0386398714366823,0.00334677505641541
"79","RD/TN/RL/126 | RD/TN/RL/81 | Relevant Authorities","Chair's text - Consolidated text (RD/TN/RL/126 | RD/TN/RL/81 | Relevant Authorities)","Other",2050,"atlantic",0.0487816283553894,-0.0170081131720355,-0.0627296853307687,-0.00223503063686532
"80","RD/TN/RL/126 | RD/TN/RL/81 | Relevant Authorities","Chair's text - Consolidated text (RD/TN/RL/126 | RD/TN/RL/81 | Relevant Authorities)","Other",2050,"indian",0.0376649873198656,0.00646924968154201,-0.030063400056407,0.000841451286725741
"81","RD/TN/RL/126 | RD/TN/RL/81 | Relevant Authorities","Chair's text - Consolidated text (RD/TN/RL/126 | RD/TN/RL/81 | Relevant Authorities)","Other",2050,"pacific",0.067184017012753,0.0259483255730227,-0.0386397198443401,0.00334698615339939
"82","RD/TN/RL/126 | RD/TN/RL/81 | Relevant Authorities","Chair's text - Consolidated text (RD/TN/RL/126 | RD/TN/RL/81 | Relevant Authorities)","Other",2080,"atlantic",0.0488983276787372,-0.0169382506391745,-0.0627673594099548,-0.00222578146935749
"83","RD/TN/RL/126 | RD/TN/RL/81 | Relevant Authorities","Chair's text - Consolidated text (RD/TN/RL/126 | RD/TN/RL/81 | Relevant Authorities)","Other",2080,"indian",0.0378942840902092,0.00650562955788723,-0.0302426316566879,0.000846169880448125
"84","RD/TN/RL/126 | RD/TN/RL/81 | Relevant Authorities","Chair's text - Consolidated text (RD/TN/RL/126 | RD/TN/RL/81 | Relevant Authorities)","Other",2080,"pacific",0.0671824639114285,0.0259466707054897,-0.0386398714375437,0.0033467750561269
"85","RD/TN/RL/126 | Relevant Authorities","Chair's text - Consolidated text (RD/TN/RL/126 | Relevant Authorities)","Other",2050,"atlantic",0.0225785076993116,-0.00812798205418204,-0.0300284912329908,-0.00106393720676053
"86","RD/TN/RL/126 | Relevant Authorities","Chair's text - Consolidated text (RD/TN/RL/126 | Relevant Authorities)","Other",2050,"indian",0.00205059218513082,0.000377552043122081,-0.00166961643958556,4.92378367016938e-05
"87","RD/TN/RL/126 | Relevant Authorities","Chair's text - Consolidated text (RD/TN/RL/126 | Relevant Authorities)","Other",2050,"pacific",0.0123298236356308,0.00488881100636057,-0.00735038369466077,0.00063631970152412
"88","RD/TN/RL/126 | Relevant Authorities","Chair's text - Consolidated text (RD/TN/RL/126 | Relevant Authorities)","Other",2080,"atlantic",0.0250645227875375,-0.00839794659963765,-0.0326442566719392,-0.00109940495387055
"89","RD/TN/RL/126 | Relevant Authorities","Chair's text - Consolidated text (RD/TN/RL/126 | Relevant Authorities)","Other",2080,"indian",0.00214894941475394,0.000397170951584928,-0.001748022052203,5.17959631142755e-05
"90","RD/TN/RL/126 | Relevant Authorities","Chair's text - Consolidated text (RD/TN/RL/126 | Relevant Authorities)","Other",2080,"pacific",0.0131827645916678,0.005283962707987,-0.00779602867293565,0.000687634341670937
"91","RD/TN/RL/126 | TN/RL/GEN/197/Rev.2 | Objective Definition","Chair's text - Consolidated text (RD/TN/RL/126 | TN/RL/GEN/197/Rev.2 | Objective Definition)","Other",2050,"atlantic",0.0556491658928794,-0.0197081935828004,-0.0713848520042562,-0.00259293556233093
"92","RD/TN/RL/126 | TN/RL/GEN/197/Rev.2 | Objective Definition","Chair's text - Consolidated text (RD/TN/RL/126 | TN/RL/GEN/197/Rev.2 | Objective Definition)","Other",2050,"indian",0.0512131586990648,0.00847957457838727,-0.0406516830264593,0.00110197519917716
"93","RD/TN/RL/126 | TN/RL/GEN/197/Rev.2 | Objective Definition","Chair's text - Consolidated text (RD/TN/RL/126 | TN/RL/GEN/197/Rev.2 | Objective Definition)","Other",2050,"pacific",0.101741632087337,0.0381154099174618,-0.0577505835459175,0.00489109167483469
"94","RD/TN/RL/126 | TN/RL/GEN/197/Rev.2 | Objective Definition","Chair's text - Consolidated text (RD/TN/RL/126 | TN/RL/GEN/197/Rev.2 | Objective Definition)","Other",2080,"atlantic",0.0558090551550201,-0.0196238920377674,-0.0714456338714694,-0.00258174814645735
"95","RD/TN/RL/126 | TN/RL/GEN/197/Rev.2 | Objective Definition","Chair's text - Consolidated text (RD/TN/RL/126 | TN/RL/GEN/197/Rev.2 | Objective Definition)","Other",2080,"indian",0.0514359947844355,0.00851214551040766,-0.0408240249401277,0.00110619244307174
"96","RD/TN/RL/126 | TN/RL/GEN/197/Rev.2 | Objective Definition","Chair's text - Consolidated text (RD/TN/RL/126 | TN/RL/GEN/197/Rev.2 | Objective Definition)","Other",2080,"pacific",0.101739150733345,0.0381127295865088,-0.0577508942152817,0.00489075325509547
"97","RD/TN/RL/126 | TN/RL/GEN/197/Rev.2 | Relevant Authorities","Chair's text - Consolidated text (RD/TN/RL/126 | TN/RL/GEN/197/Rev.2 | Relevant Authorities)","Other",2050,"atlantic",0.0556539265428139,-0.0197075657757495,-0.0713884450421801,-0.00259285224476883
"98","RD/TN/RL/126 | TN/RL/GEN/197/Rev.2 | Relevant Authorities","Chair's text - Consolidated text (RD/TN/RL/126 | TN/RL/GEN/197/Rev.2 | Relevant Authorities)","Other",2050,"indian",0.0512019265618777,0.00847911639260553,-0.0406418682174641,0.00110191587300559
"99","RD/TN/RL/126 | TN/RL/GEN/197/Rev.2 | Relevant Authorities","Chair's text - Consolidated text (RD/TN/RL/126 | TN/RL/GEN/197/Rev.2 | Relevant Authorities)","Other",2050,"pacific",0.101741629260892,0.0381154063024492,-0.0577505844098195,0.00489109121840229
"100","RD/TN/RL/126 | TN/RL/GEN/197/Rev.2 | Relevant Authorities","Chair's text - Consolidated text (RD/TN/RL/126 | TN/RL/GEN/197/Rev.2 | Relevant Authorities)","Other",2080,"atlantic",0.0558090693206464,-0.0196238850533914,-0.0714456397145506,-0.00258174721961544
"101","RD/TN/RL/126 | TN/RL/GEN/197/Rev.2 | Relevant Authorities","Chair's text - Consolidated text (RD/TN/RL/126 | TN/RL/GEN/197/Rev.2 | Relevant Authorities)","Other",2080,"indian",0.0514138405212865,0.00851008965576812,-0.0408057695381362,0.00110592625706387
"102","RD/TN/RL/126 | TN/RL/GEN/197/Rev.2 | Relevant Authorities","Chair's text - Consolidated text (RD/TN/RL/126 | TN/RL/GEN/197/Rev.2 | Relevant Authorities)","Other",2080,"pacific",0.101739150733332,0.0381127295865098,-0.0577508942152702,0.00489075325509568
"103","RD/TN/RL/126 | TN/RL/GEN/199 | Objective Definition","Chair's text - Consolidated text (RD/TN/RL/126 | TN/RL/GEN/199 | Objective Definition)","Other",2050,"atlantic",0.042333602133688,-0.0145508361703232,-0.0545741192527681,-0.00191005237514877
"104","RD/TN/RL/126 | TN/RL/GEN/199 | Objective Definition","Chair's text - Consolidated text (RD/TN/RL/126 | TN/RL/GEN/199 | Objective Definition)","Other",2050,"indian",0.0103561222440698,0.00190754980680954,-0.0083619748039884,0.000248604733218604
"105","RD/TN/RL/126 | TN/RL/GEN/199 | Objective Definition","Chair's text - Consolidated text (RD/TN/RL/126 | TN/RL/GEN/199 | Objective Definition)","Other",2050,"pacific",0.055626132617721,0.0217028661203952,-0.0321356827470759,0.0028044527744459
"106","RD/TN/RL/126 | TN/RL/GEN/199 | Objective Definition","Chair's text - Consolidated text (RD/TN/RL/126 | TN/RL/GEN/199 | Objective Definition)","Other",2080,"atlantic",0.0424310046758511,-0.0144896982018274,-0.0546038084269935,-0.00190197578278002
"107","RD/TN/RL/126 | TN/RL/GEN/199 | Objective Definition","Chair's text - Consolidated text (RD/TN/RL/126 | TN/RL/GEN/199 | Objective Definition)","Other",2080,"indian",0.0104721850666233,0.00192889163241917,-0.0084547536888815,0.000251383814624361
"108","RD/TN/RL/126 | TN/RL/GEN/199 | Objective Definition","Chair's text - Consolidated text (RD/TN/RL/126 | TN/RL/GEN/199 | Objective Definition)","Other",2080,"pacific",0.0556246588981815,0.021701263318203,-0.0321358498913679,0.00280424758014958
"109","RD/TN/RL/126 | TN/RL/GEN/199 | Relevant Authorities","Chair's text - Consolidated text (RD/TN/RL/126 | TN/RL/GEN/199 | Relevant Authorities)","Other",2050,"atlantic",0.042333602133688,-0.0145508361703232,-0.0545741192527681,-0.00191005237514877
"110","RD/TN/RL/126 | TN/RL/GEN/199 | Relevant Authorities","Chair's text - Consolidated text (RD/TN/RL/126 | TN/RL/GEN/199 | Relevant Authorities)","Other",2050,"indian",0.0103561222440698,0.00190754980680954,-0.0083619748039884,0.000248604733218604
"111","RD/TN/RL/126 | TN/RL/GEN/199 | Relevant Authorities","Chair's text - Consolidated text (RD/TN/RL/126 | TN/RL/GEN/199 | Relevant Authorities)","Other",2050,"pacific",0.055626132617721,0.0217028661203952,-0.0321356827470759,0.0028044527744459
"112","RD/TN/RL/126 | TN/RL/GEN/199 | Relevant Authorities","Chair's text - Consolidated text (RD/TN/RL/126 | TN/RL/GEN/199 | Relevant Authorities)","Other",2080,"atlantic",0.0424310046758511,-0.0144896982018274,-0.0546038084269935,-0.00190197578278002
"113","RD/TN/RL/126 | TN/RL/GEN/199 | Relevant Authorities","Chair's text - Consolidated text (RD/TN/RL/126 | TN/RL/GEN/199 | Relevant Authorities)","Other",2080,"indian",0.0104721850666233,0.00192889163241917,-0.0084547536888815,0.000251383814624361
"114","RD/TN/RL/126 | TN/RL/GEN/199 | Relevant Authorities","Chair's text - Consolidated text (RD/TN/RL/126 | TN/RL/GEN/199 | Relevant Authorities)","Other",2080,"pacific",0.0556246588981815,0.021701263318203,-0.0321358498913679,0.00280424758014958
"115","RD/TN/RL/77/Rev.2","Australia - Overfished (RD/TN/RL/77/Rev.2)","Overfished",2050,"atlantic",0.00958093521405164,-0.00333189719483853,-0.0127902894740701,-0.000435226173545434
"116","RD/TN/RL/77/Rev.2","Australia - Overfished (RD/TN/RL/77/Rev.2)","Overfished",2050,"indian",0,0,0,0
"117","RD/TN/RL/77/Rev.2","Australia - Overfished (RD/TN/RL/77/Rev.2)","Overfished",2050,"pacific",0.000558065987777568,0.000187014083018249,-0.00037084494880673,2.43911580765353e-05
"118","RD/TN/RL/77/Rev.2","Australia - Overfished (RD/TN/RL/77/Rev.2)","Overfished",2080,"atlantic",0.0106317850829826,-0.00344645999021681,-0.0139301427888926,-0.00045021332545692
"119","RD/TN/RL/77/Rev.2","Australia - Overfished (RD/TN/RL/77/Rev.2)","Overfished",2080,"indian",0,0,0,0
"120","RD/TN/RL/77/Rev.2","Australia - Overfished (RD/TN/RL/77/Rev.2)","Overfished",2080,"pacific",0.00105730066693999,0.000394414204584819,-0.000662186332304399,5.14365111269854e-05
"121","RD/TN/RL/79/Rev.1","New Zealand/Iceland - Overfishing and overcapacity (RD/TN/RL/79/Rev.1)","OFOC",2050,"atlantic",0.0211703949336709,-0.00770839092373723,-0.0282800852832047,-0.00100882828584172
"122","RD/TN/RL/79/Rev.1","New Zealand/Iceland - Overfishing and overcapacity (RD/TN/RL/79/Rev.1)","OFOC",2050,"indian",1.37438569133766e-05,1.21339771016569e-06,-1.25302869887794e-05,1.58269183038839e-07
"123","RD/TN/RL/79/Rev.1","New Zealand/Iceland - Overfishing and overcapacity (RD/TN/RL/79/Rev.1)","OFOC",2050,"pacific",0.0189176524993017,0.00728385059469987,-0.011417803858894,0.000947072294657614
"124","RD/TN/RL/79/Rev.1","New Zealand/Iceland - Overfishing and overcapacity (RD/TN/RL/79/Rev.1)","OFOC",2080,"atlantic",0.0238637009723546,-0.00798675378524849,-0.031108100352962,-0.00104538608294884
"125","RD/TN/RL/79/Rev.1","New Zealand/Iceland - Overfishing and overcapacity (RD/TN/RL/79/Rev.1)","OFOC",2080,"indian",2.72756025791444e-05,3.83704591413683e-06,-2.34379173816544e-05,5.00483414779568e-07
"126","RD/TN/RL/79/Rev.1","New Zealand/Iceland - Overfishing and overcapacity (RD/TN/RL/79/Rev.1)","OFOC",2080,"pacific",0.0211919064811918,0.00842798958658155,-0.0124990384408666,0.0010952957960583
"127","RD/TN/RL/81","Philippines - De minimis (RD/TN/RL/81)","OFOC",2050,"atlantic",0.00253584048160385,-0.000791997355056842,-0.00331942031624731,-0.0001033395927908
"128","RD/TN/RL/81","Philippines - De minimis (RD/TN/RL/81)","OFOC",2050,"indian",0.000611239547393751,0.000114517742951361,-0.000496418373900261,1.49363532367427e-05
"129","RD/TN/RL/81","Philippines - De minimis (RD/TN/RL/81)","OFOC",2050,"pacific",0.00475528282106409,0.00193882296276143,-0.00280313018150534,0.000252677031120443
"130","RD/TN/RL/81","Philippines - De minimis (RD/TN/RL/81)","OFOC",2080,"atlantic",0.00253868228201388,-0.000789118913644048,-0.00331937435878597,-0.000102963885620596
"131","RD/TN/RL/81","Philippines - De minimis (RD/TN/RL/81)","OFOC",2080,"indian",0.000627066744544184,0.000117568299181475,-0.000509179156046978,1.53342117292735e-05
"132","RD/TN/RL/81","Philippines - De minimis (RD/TN/RL/81)","OFOC",2080,"pacific",0.00475514597443253,0.00193867234609372,-0.00280314426815636,0.000252657418528475
"133","RD/TN/RL/87","Latin 6 and others - IUU (RD/TN/RL/87)","IUU",2050,"atlantic",0.000125118492030534,-3.82832717760742e-05,-0.000163381321781964,-4.99355334950541e-06
"134","RD/TN/RL/87","Latin 6 and others - IUU (RD/TN/RL/87)","IUU",2050,"indian",1.44766541024021e-05,2.74738544271168e-06,-1.1729098861698e-05,3.58354194800116e-07
"135","RD/TN/RL/87","Latin 6 and others - IUU (RD/TN/RL/87)","IUU",2050,"pacific",1.57928880528112e-05,6.1858324518903e-06,-9.60690388020401e-06,8.0684554097813e-07
"136","RD/TN/RL/87","Latin 6 and others - IUU (RD/TN/RL/87)","IUU",2080,"atlantic",0.000124544118578889,-3.84777183689884e-05,-0.000163001536065232,-5.01891679520701e-06
"137","RD/TN/RL/87","Latin 6 and others - IUU (RD/TN/RL/87)","IUU",2080,"indian",1.45527252650309e-05,2.76196578233395e-06,-1.17905878975592e-05,3.60255973841679e-07
"138","RD/TN/RL/87","Latin 6 and others - IUU (RD/TN/RL/87)","IUU",2080,"pacific",1.80636920362064e-05,7.27379264272987e-06,-1.07897044914966e-05,9.48752561577377e-07
"139","RD/TN/RL/89/Rev.2","ACP - IUU (RD/TN/RL/89/Rev.2)","IUU",2050,"atlantic",0,0,0,0
"140","RD/TN/RL/89/Rev.2","ACP - IUU (RD/TN/RL/89/Rev.2)","IUU",2050,"indian",0,0,0,0
"141","RD/TN/RL/89/Rev.2","ACP - IUU (RD/TN/RL/89/Rev.2)","IUU",2050,"pacific",1.04155699030127e-06,3.48437209643505e-07,-6.93119058781035e-07,4.54483245820096e-08
"142","RD/TN/RL/89/Rev.2","ACP - IUU (RD/TN/RL/89/Rev.2)","IUU",2080,"atlantic",0,0,0,0
"143","RD/TN/RL/89/Rev.2","ACP - IUU (RD/TN/RL/89/Rev.2)","IUU",2080,"indian",0,0,0,0
"144","RD/TN/RL/89/Rev.2","ACP - IUU (RD/TN/RL/89/Rev.2)","IUU",2080,"pacific",1.99799368180908e-06,7.437602485405e-07,-1.25423092723088e-06,9.70121749914167e-08
"145","RD/TN/RL/91","US and others - ABNJ (RD/TN/RL/91)","OFOC",2050,"atlantic",0.0341687027310655,-0.0124673669484185,-0.0450952243636129,-0.00163506225615328
"146","RD/TN/RL/91","US and others - ABNJ (RD/TN/RL/91)","OFOC",2050,"indian",0.0836905211618395,-0.0547286464749811,-0.12772942545296,-0.00731441150269621
"147","RD/TN/RL/91","US and others - ABNJ (RD/TN/RL/91)","OFOC",2050,"pacific",0.0502723289964672,0.0192907667640068,-0.0294985989605792,0.00249533322778126
"148","RD/TN/RL/91","US and others - ABNJ (RD/TN/RL/91)","OFOC",2080,"atlantic",0.0371988246586474,-0.0127460499266685,-0.0481536166431285,-0.00167181544437723
"149","RD/TN/RL/91","US and others - ABNJ (RD/TN/RL/91)","OFOC",2080,"indian",0.0836968607912567,-0.0547130106027537,-0.12772009996684,-0.00731226975835367
"150","RD/TN/RL/91","US and others - ABNJ (RD/TN/RL/91)","OFOC",2080,"pacific",0.0527508063644025,0.0205242607867889,-0.0306117510267273,0.0026534894725896
"151","RD/TN/RL/95","ACP - Overfished (RD/TN/RL/95)","Overfished",2050,"atlantic",0.00747792062271523,-0.00262147275993123,-0.010024431479753,-0.000342321590655009
"152","RD/TN/RL/95","ACP - Overfished (RD/TN/RL/95)","Overfished",2050,"indian",0,0,0,0
"153","RD/TN/RL/95","ACP - Overfished (RD/TN/RL/95)","Overfished",2050,"pacific",0.000356497242198503,0.000119377561027928,-0.000237035178783019,1.55701780958606e-05
"154","RD/TN/RL/95","ACP - Overfished (RD/TN/RL/95)","Overfished",2080,"atlantic",0.00846499634332007,-0.00274781955668653,-0.0111186961775214,-0.000358840176624113
"155","RD/TN/RL/95","ACP - Overfished (RD/TN/RL/95)","Overfished",2080,"indian",0,0,0,0
"156","RD/TN/RL/95","ACP - Overfished (RD/TN/RL/95)","Overfished",2080,"pacific",0.00067796157425424,0.000252796407628603,-0.00042487711626697,3.2969820883905e-05
"157","RD/TN/RL/96","ACP - Overfishing and overcapacity (RD/TN/RL/96)","OFOC",2050,"atlantic",0.0115430050094204,-0.00424444171239838,-0.0156072916758213,-0.000554647203489708
"158","RD/TN/RL/96","ACP - Overfishing and overcapacity (RD/TN/RL/96)","OFOC",2050,"indian",0.039912451158109,-0.0244843929343504,-0.0619252553623559,-0.00322814178858014
"159","RD/TN/RL/96","ACP - Overfishing and overcapacity (RD/TN/RL/96)","OFOC",2050,"pacific",0.0235085456590641,0.00914274514427033,-0.0140358383676642,0.00118781836711479
"160","RD/TN/RL/96","ACP - Overfishing and overcapacity (RD/TN/RL/96)","OFOC",2080,"atlantic",0.0135020881887153,-0.00445078658313614,-0.0177137027945705,-0.000581663918543683
"161","RD/TN/RL/96","ACP - Overfishing and overcapacity (RD/TN/RL/96)","OFOC",2080,"indian",0.039915038871969,-0.0244767281320705,-0.0619202190535561,-0.00322712025078947
"162","RD/TN/RL/96","ACP - Overfishing and overcapacity (RD/TN/RL/96)","OFOC",2080,"pacific",0.025013402216106,0.00997943668147306,-0.0146670916713178,0.00129605275024761
"163","RD/TN/RL/96 Rev.2","ACP - Overfishing and overcapacity (revised) (RD/TN/RL/96 Rev.2)","OFOC",2050,"atlantic",0.017626571504213,-0.00622748672016128,-0.0234408759483493,-0.000814488784324458
"164","RD/TN/RL/96 Rev.2","ACP - Overfishing and overcapacity (revised) (RD/TN/RL/96 Rev.2)","OFOC",2050,"indian",0.0259040406254372,0.00460609462927374,-0.020760173615438,0.000599595212050741
"165","RD/TN/RL/96 Rev.2","ACP - Overfishing and overcapacity (revised) (RD/TN/RL/96 Rev.2)","OFOC",2050,"pacific",0.0891512762315869,0.0337865795498616,-0.0508328805097531,0.00434353881076729
"166","RD/TN/RL/96 Rev.2","ACP - Overfishing and overcapacity (revised) (RD/TN/RL/96 Rev.2)","OFOC",2080,"atlantic",0.0191512208185967,-0.00628983556478856,-0.0249629847501441,-0.00082266576221036
"167","RD/TN/RL/96 Rev.2","ACP - Overfishing and overcapacity (revised) (RD/TN/RL/96 Rev.2)","OFOC",2080,"indian",0.0259440076702669,0.00461074900038643,-0.0207937845636668,0.000600199881555705
"168","RD/TN/RL/96 Rev.2","ACP - Overfishing and overcapacity (revised) (RD/TN/RL/96 Rev.2)","OFOC",2080,"pacific",0.0890962353598543,0.0337530837113004,-0.0508156670197906,0.00433929416168461
"169","TN/RL/GEN/197/Rev.2","US and others -  Cap/Tier (TN/RL/GEN/197/Rev.2)","OFOC",2050,"atlantic",0.0296304840411274,-0.00985744640751499,-0.0383515553013337,-0.00129129851545168
"170","TN/RL/GEN/197/Rev.2","US and others -  Cap/Tier (TN/RL/GEN/197/Rev.2)","OFOC",2050,"indian",0.033567899435018,0.00584419911347377,-0.0268232985338447,0.000760356928416946
"171","TN/RL/GEN/197/Rev.2","US and others -  Cap/Tier (TN/RL/GEN/197/Rev.2)","OFOC",2050,"pacific",0.0973095243628417,0.0365987766219079,-0.0553269122276012,0.00469947937277018
"172","TN/RL/GEN/197/Rev.2","US and others -  Cap/Tier (TN/RL/GEN/197/Rev.2)","OFOC",2080,"atlantic",0.0296673005291368,-0.00984228239101267,-0.0383712126235784,-0.00128930350174712
"173","TN/RL/GEN/197/Rev.2","US and others -  Cap/Tier (TN/RL/GEN/197/Rev.2)","OFOC",2080,"indian",0.0336398469393363,0.00585589631361016,-0.0268797209279383,0.000761874931037321
"174","TN/RL/GEN/197/Rev.2","US and others -  Cap/Tier (TN/RL/GEN/197/Rev.2)","OFOC",2080,"pacific",0.0973070495778743,0.0365960787858726,-0.0553272402791514,0.00469913830950399
"175","TN/RL/GEN/199","China - Cap (TN/RL/GEN/199)","OFOC",2050,"atlantic",0.00809909625913124,-0.00259784855642704,-0.0106110052625309,-0.000339233163136278
"176","TN/RL/GEN/199","China - Cap (TN/RL/GEN/199)","OFOC",2050,"indian",0.0104725303418596,0.00193188182914174,-0.00845213329038085,0.000251773186766957
"177","TN/RL/GEN/199","China - Cap (TN/RL/GEN/199)","OFOC",2050,"pacific",0.0179844726706059,0.00720267510019387,-0.0105913182959724,0.000936550427323408
"178","TN/RL/GEN/199","China - Cap (TN/RL/GEN/199)","OFOC",2080,"atlantic",0.00831945021680855,-0.00265436771154139,-0.0108832750632653,-0.000346622102919084
"179","TN/RL/GEN/199","China - Cap (TN/RL/GEN/199)","OFOC",2080,"indian",0.0105563922219991,0.00194729065847853,-0.00851916986501946,0.000253779650404724
"180","TN/RL/GEN/199","China - Cap (TN/RL/GEN/199)","OFOC",2080,"pacific",0.018542871550001,0.00742893178369043,-0.0109116072349488,0.000965875702774053
"181","TN/RL/GEN/200/Rev.1","India - S&DT (TN/RL/GEN/200/Rev.1)","Other",2050,"atlantic",0.0341343384372214,-0.0123241438521607,-0.0449249972296539,-0.00161617725751961
"182","TN/RL/GEN/200/Rev.1","India - S&DT (TN/RL/GEN/200/Rev.1)","Other",2050,"indian",0.00204145687180916,0.000371827876522744,-0.00166622746378055,4.84914494553482e-05
"183","TN/RL/GEN/200/Rev.1","India - S&DT (TN/RL/GEN/200/Rev.1)","Other",2050,"pacific",0.0298172366632465,0.0114961373542988,-0.0177906318293046,0.00149205447095367
"184","TN/RL/GEN/200/Rev.1","India - S&DT (TN/RL/GEN/200/Rev.1)","Other",2080,"atlantic",0.0368348520879664,-0.0126144855875317,-0.0476925882419148,-0.00165446339009724
"185","TN/RL/GEN/200/Rev.1","India - S&DT (TN/RL/GEN/200/Rev.1)","Other",2080,"indian",0.00217867358346369,0.000398854664709483,-0.00177594970404848,5.20155018893656e-05
"186","TN/RL/GEN/200/Rev.1","India - S&DT (TN/RL/GEN/200/Rev.1)","Other",2080,"pacific",0.0324822141474977,0.0128144567763474,-0.0190490035582741,0.00166221208130041
"187","TN/RL/GEN/202","Philippines - Disputed waters (TN/RL/GEN/202)","Other",2050,"atlantic",0.000370564137209765,-0.000167625593279687,-0.000537990370551924,-2.18658014642218e-05
"188","TN/RL/GEN/202","Philippines - Disputed waters (TN/RL/GEN/202)","Other",2050,"indian",2.73457431267854e-07,2.4323878846385e-08,-2.49133484187706e-07,3.17267965767012e-09
"189","TN/RL/GEN/202","Philippines - Disputed waters (TN/RL/GEN/202)","Other",2050,"pacific",2.86782149201503e-05,9.56155147115254e-06,-1.91161152329295e-05,1.24715370299761e-06
"190","TN/RL/GEN/202","Philippines - Disputed waters (TN/RL/GEN/202)","Other",2080,"atlantic",0.000705123025121244,-0.000267416291618672,-0.000971854040079225,-3.48844420102427e-05
"191","TN/RL/GEN/202","Philippines - Disputed waters (TN/RL/GEN/202)","Other",2080,"indian",5.39184682052681e-07,7.62163110890201e-08,-4.62968121254501e-07,9.94125735074781e-09
"192","TN/RL/GEN/202","Philippines - Disputed waters (TN/RL/GEN/202)","Other",2080,"pacific",5.56406863990485e-05,2.06674272139148e-05,-3.49713133571918e-05,2.69572715276867e-06
