group_for_pairing,Year,export_price_USD/t
"Abalones, winkles, conchs",1976,3877.51004
"Abalones, winkles, conchs",1977,4277.947265
"Abalones, winkles, conchs",1978,4475.657895
"Abalones, winkles, conchs",1979,3838.491296
"Abalones, winkles, conchs",1980,3638.160828
"Abalones, winkles, conchs",1981,5539.709108
"Abalones, winkles, conchs",1982,6164
"Abalones, winkles, conchs",1983,6478.3911
"Abalones, winkles, conchs",1984,5771.04169
"Abalones, winkles, conchs",1985,5313.382193
"Abalones, winkles, conchs",1986,8631.743227
"Abalones, winkles, conchs",1987,11563.37178
"Abalones, winkles, conchs",1988,13257.87158
"Abalones, winkles, conchs",1989,16013.67344
"Abalones, winkles, conchs",1990,18579.75933
"Abalones, winkles, conchs",1991,20852.46707
"Abalones, winkles, conchs",1992,23674.8161
"Abalones, winkles, conchs",1993,25351.38179
"Abalones, winkles, conchs",1994,22207.60762
"Abalones, winkles, conchs",1995,16730.88614
"Abalones, winkles, conchs",1996,19019.49502
"Abalones, winkles, conchs",1997,19608.10388
"Abalones, winkles, conchs",1998,14060.61897
"Abalones, winkles, conchs",1999,15340.69085
"Abalones, winkles, conchs",2000,18523.25996
"Abalones, winkles, conchs",2001,16208.17717
"Abalones, winkles, conchs",2002,16731.41849
"Abalones, winkles, conchs",2003,20239.74331
"Abalones, winkles, conchs",2004,25257.93893
"Abalones, winkles, conchs",2005,25958.89087
"Abalones, winkles, conchs",2006,26487.48749
"Abalones, winkles, conchs",2007,28242.66667
"Abalones, winkles, conchs",2008,21744.69423
"Abalones, winkles, conchs",2009,17859.47155
"Abalones, winkles, conchs",2010,21936.89715
"Abalones, winkles, conchs",2011,25038.76853
"Abalones, winkles, conchs",2012,33345.27276
"Carps, barbels and other cyprinids",1976,1148.524924
"Carps, barbels and other cyprinids",1977,1497.285559
"Carps, barbels and other cyprinids",1978,1702.251271
"Carps, barbels and other cyprinids",1979,1450.160772
"Carps, barbels and other cyprinids",1980,1868.458274
"Carps, barbels and other cyprinids",1981,1691.247416
"Carps, barbels and other cyprinids",1982,1513.755158
"Carps, barbels and other cyprinids",1983,1333.333333
"Carps, barbels and other cyprinids",1984,1228.379513
"Carps, barbels and other cyprinids",1985,1432.515337
"Carps, barbels and other cyprinids",1986,1886.874547
"Carps, barbels and other cyprinids",1987,2058.210252
"Carps, barbels and other cyprinids",1988,2093.3082
"Carps, barbels and other cyprinids",1989,2077.247191
"Carps, barbels and other cyprinids",1990,2317.919075
"Carps, barbels and other cyprinids",1991,1556.780753
"Carps, barbels and other cyprinids",1992,2103.590285
"Carps, barbels and other cyprinids",1993,1438.46977
"Carps, barbels and other cyprinids",1994,1343.500704
"Carps, barbels and other cyprinids",1995,1680.640111
"Carps, barbels and other cyprinids",1996,1802.484071
"Carps, barbels and other cyprinids",1997,2155.566478
"Carps, barbels and other cyprinids",1998,1878.473822
"Carps, barbels and other cyprinids",1999,1858.180403
"Carps, barbels and other cyprinids",2000,1445.040388
"Carps, barbels and other cyprinids",2001,1426.595683
"Carps, barbels and other cyprinids",2002,1667.549669
"Carps, barbels and other cyprinids",2003,1998.881995
"Carps, barbels and other cyprinids",2004,1784.044505
"Carps, barbels and other cyprinids",2005,1906.57927
"Carps, barbels and other cyprinids",2006,1691.174465
"Carps, barbels and other cyprinids",2007,2277.590779
"Carps, barbels and other cyprinids",2008,3097.819594
"Carps, barbels and other cyprinids",2009,2580.841977
"Carps, barbels and other cyprinids",2010,2782.28471
"Carps, barbels and other cyprinids",2011,2450.186047
"Carps, barbels and other cyprinids",2012,2574.445747
"Clams, cockles, arkshells",1976,1335.854934
"Clams, cockles, arkshells",1977,1887.124414
"Clams, cockles, arkshells",1978,1528.80824
"Clams, cockles, arkshells",1979,1688.0793
"Clams, cockles, arkshells",1980,2488.801472
"Clams, cockles, arkshells",1981,2171.035941
"Clams, cockles, arkshells",1982,2836.798857
"Clams, cockles, arkshells",1983,2058.399052
"Clams, cockles, arkshells",1984,2078.394109
"Clams, cockles, arkshells",1985,1850.832592
"Clams, cockles, arkshells",1986,2272.799734
"Clams, cockles, arkshells",1987,3268.425737
"Clams, cockles, arkshells",1988,3594.278717
"Clams, cockles, arkshells",1989,3530.784973
"Clams, cockles, arkshells",1990,3259.918466
"Clams, cockles, arkshells",1991,4403.655219
"Clams, cockles, arkshells",1992,4091.771582
"Clams, cockles, arkshells",1993,4852.723079
"Clams, cockles, arkshells",1994,5042.884879
"Clams, cockles, arkshells",1995,4428.058834
"Clams, cockles, arkshells",1996,3931.040952
"Clams, cockles, arkshells",1997,3485.675162
"Clams, cockles, arkshells",1998,2698.346927
"Clams, cockles, arkshells",1999,2998.687412
"Clams, cockles, arkshells",2000,2868.405539
"Clams, cockles, arkshells",2001,2594.726801
"Clams, cockles, arkshells",2002,2662.591687
"Clams, cockles, arkshells",2003,3170.877375
"Clams, cockles, arkshells",2004,3324.945971
"Clams, cockles, arkshells",2005,4569.938419
"Clams, cockles, arkshells",2006,3742.854705
"Clams, cockles, arkshells",2007,3631.691668
"Clams, cockles, arkshells",2008,4050.167816
"Clams, cockles, arkshells",2009,3678.158013
"Clams, cockles, arkshells",2010,3444.795998
"Clams, cockles, arkshells",2011,2586.33445
"Clams, cockles, arkshells",2012,3532.463271
"Cods, hakes, haddocks",1976,1258.229551
"Cods, hakes, haddocks",1977,1421.612834
"Cods, hakes, haddocks",1978,1592.102331
"Cods, hakes, haddocks",1979,1795.529024
"Cods, hakes, haddocks",1980,1961.876498
"Cods, hakes, haddocks",1981,1948.497829
"Cods, hakes, haddocks",1982,1818.533991
"Cods, hakes, haddocks",1983,1672.117159
"Cods, hakes, haddocks",1984,1450.732796
"Cods, hakes, haddocks",1985,1555.524815
"Cods, hakes, haddocks",1986,1964.373309
"Cods, hakes, haddocks",1987,2417.906891
"Cods, hakes, haddocks",1988,1977.171579
"Cods, hakes, haddocks",1989,1898.804959
"Cods, hakes, haddocks",1990,2490.672247
"Cods, hakes, haddocks",1991,3234.409934
"Cods, hakes, haddocks",1992,3066.409862
"Cods, hakes, haddocks",1993,2403.330772
"Cods, hakes, haddocks",1994,2379.513041
"Cods, hakes, haddocks",1995,2537.826877
"Cods, hakes, haddocks",1996,2302.362188
"Cods, hakes, haddocks",1997,2324.685256
"Cods, hakes, haddocks",1998,2573.47169
"Cods, hakes, haddocks",1999,2752.221759
"Cods, hakes, haddocks",2000,2338.153384
"Cods, hakes, haddocks",2001,2260.499651
"Cods, hakes, haddocks",2002,2287.239689
"Cods, hakes, haddocks",2003,2299.898188
"Cods, hakes, haddocks",2004,2405.578988
"Cods, hakes, haddocks",2005,2551.143656
"Cods, hakes, haddocks",2006,2751.089323
"Cods, hakes, haddocks",2007,3098.287345
"Cods, hakes, haddocks",2008,3270.45683
"Cods, hakes, haddocks",2009,2831.295155
"Cods, hakes, haddocks",2010,2843.430003
"Cods, hakes, haddocks",2011,3244.228608
"Cods, hakes, haddocks",2012,2959.998528
"Crabs, sea-spiders",1976,4849.112685
"Crabs, sea-spiders",1977,5062.917595
"Crabs, sea-spiders",1978,5574.918386
"Crabs, sea-spiders",1979,5159.475041
"Crabs, sea-spiders",1980,5128.266988
"Crabs, sea-spiders",1981,5162.305546
"Crabs, sea-spiders",1982,5854.873771
"Crabs, sea-spiders",1983,6000.864346
"Crabs, sea-spiders",1984,4513.228707
"Crabs, sea-spiders",1985,4237.490857
"Crabs, sea-spiders",1986,5125.179973
"Crabs, sea-spiders",1987,5663.29511
"Crabs, sea-spiders",1988,5879.975039
"Crabs, sea-spiders",1989,5278.602844
"Crabs, sea-spiders",1990,5748.264015
"Crabs, sea-spiders",1991,5063.332597
"Crabs, sea-spiders",1992,5124.994187
"Crabs, sea-spiders",1993,6038.555188
"Crabs, sea-spiders",1994,6722.05796
"Crabs, sea-spiders",1995,7614.255831
"Crabs, sea-spiders",1996,5929.810343
"Crabs, sea-spiders",1997,5687.841499
"Crabs, sea-spiders",1998,4857.181747
"Crabs, sea-spiders",1999,5649.646281
"Crabs, sea-spiders",2000,6354.003032
"Crabs, sea-spiders",2001,5781.34401
"Crabs, sea-spiders",2002,5636.695705
"Crabs, sea-spiders",2003,6296.20431
"Crabs, sea-spiders",2004,6370.819366
"Crabs, sea-spiders",2005,6230.206628
"Crabs, sea-spiders",2006,6195.931255
"Crabs, sea-spiders",2007,7315.271685
"Crabs, sea-spiders",2008,8041.165603
"Crabs, sea-spiders",2009,7270.831157
"Crabs, sea-spiders",2010,8071.930416
"Crabs, sea-spiders",2011,9736.322357
"Crabs, sea-spiders",2012,9800.648303
Fish for reduction,1976,349.6018717
Fish for reduction,1977,410.745574
Fish for reduction,1978,414.7789002
Fish for reduction,1979,403.941672
Fish for reduction,1980,401.4565245
Fish for reduction,1981,375.9629803
Fish for reduction,1982,327.1818496
Fish for reduction,1983,326.1404309
Fish for reduction,1984,332.9698171
Fish for reduction,1985,276.5145987
Fish for reduction,1986,219.015213
Fish for reduction,1987,222.8425463
Fish for reduction,1988,314.6708761
Fish for reduction,1989,202.0814966
Fish for reduction,1990,221.5662491
Fish for reduction,1991,281.9007025
Fish for reduction,1992,357.3790868
Fish for reduction,1993,349.8889885
Fish for reduction,1994,312.1417534
Fish for reduction,1995,383.4669544
Fish for reduction,1996,428.6084654
Fish for reduction,1997,519.2559225
Fish for reduction,1998,734.8427208
Fish for reduction,1999,368.4602013
Fish for reduction,2000,283.2325214
Fish for reduction,2001,392.9408797
Fish for reduction,2002,603.3374545
Fish for reduction,2003,632.4063997
Fish for reduction,2004,719.457207
Fish for reduction,2005,806.6037878
Fish for reduction,2006,948.2331721
Fish for reduction,2007,1051.864617
Fish for reduction,2008,1729.49447
Fish for reduction,2009,1096.822848
Fish for reduction,2010,1371.223736
Fish for reduction,2011,1726.170115
Fish for reduction,2012,1901.572845
"Flounders, halibuts, soles",1976,2005.925478
"Flounders, halibuts, soles",1977,2042.869926
"Flounders, halibuts, soles",1978,2277.318524
"Flounders, halibuts, soles",1979,2586.353741
"Flounders, halibuts, soles",1980,2526.763574
"Flounders, halibuts, soles",1981,2193.4023
"Flounders, halibuts, soles",1982,2011.137682
"Flounders, halibuts, soles",1983,1953.021411
"Flounders, halibuts, soles",1984,1755.618706
"Flounders, halibuts, soles",1985,1313.640797
"Flounders, halibuts, soles",1986,1624.089312
"Flounders, halibuts, soles",1987,1951.21513
"Flounders, halibuts, soles",1988,1510.396764
"Flounders, halibuts, soles",1989,1908.113084
"Flounders, halibuts, soles",1990,2779.707259
"Flounders, halibuts, soles",1991,3483.841237
"Flounders, halibuts, soles",1992,3611.21136
"Flounders, halibuts, soles",1993,3157.213174
"Flounders, halibuts, soles",1994,3208.675776
"Flounders, halibuts, soles",1995,3508.40873
"Flounders, halibuts, soles",1996,3488.775753
"Flounders, halibuts, soles",1997,2994.92535
"Flounders, halibuts, soles",1998,2984.898188
"Flounders, halibuts, soles",1999,3574.930705
"Flounders, halibuts, soles",2000,2749.735751
"Flounders, halibuts, soles",2001,2730.460791
"Flounders, halibuts, soles",2002,2758.178472
"Flounders, halibuts, soles",2003,3294.463918
"Flounders, halibuts, soles",2004,3519.956578
"Flounders, halibuts, soles",2005,3461.967231
"Flounders, halibuts, soles",2006,3796.364578
"Flounders, halibuts, soles",2007,3891.938394
"Flounders, halibuts, soles",2008,3969.236137
"Flounders, halibuts, soles",2009,3716.76582
"Flounders, halibuts, soles",2010,3792.796522
"Flounders, halibuts, soles",2011,4352.448629
"Flounders, halibuts, soles",2012,4248.99892
Freshwater crustaceans,1976,3103.746398
Freshwater crustaceans,1977,2916.520724
Freshwater crustaceans,1978,3018.43318
Freshwater crustaceans,1979,4357.867067
Freshwater crustaceans,1980,3901.504298
Freshwater crustaceans,1981,3421.308411
Freshwater crustaceans,1982,3738.664066
Freshwater crustaceans,1983,3155.319149
Freshwater crustaceans,1984,2823.896753
Freshwater crustaceans,1985,2710.487445
Freshwater crustaceans,1986,5709.577755
Freshwater crustaceans,1987,4558.846454
Freshwater crustaceans,1988,6596.183206
Freshwater crustaceans,1989,5877.764495
Freshwater crustaceans,1990,5786.076228
Freshwater crustaceans,1991,7013.330719
Freshwater crustaceans,1992,4741.750706
Freshwater crustaceans,1993,7534.778122
Freshwater crustaceans,1994,7959.935652
Freshwater crustaceans,1995,10131.74306
Freshwater crustaceans,1996,10400.6857
Freshwater crustaceans,1997,9050.08883
Freshwater crustaceans,1998,8537.407897
Freshwater crustaceans,1999,6458.07327
Freshwater crustaceans,2000,5014.080541
Freshwater crustaceans,2001,4560.462004
Freshwater crustaceans,2002,4528.317114
Freshwater crustaceans,2003,4613.36722
Freshwater crustaceans,2004,4861.913471
Freshwater crustaceans,2005,5619.339594
Freshwater crustaceans,2006,7166.802352
Freshwater crustaceans,2007,7050.346114
Freshwater crustaceans,2008,7044.836571
Freshwater crustaceans,2009,7388.232745
Freshwater crustaceans,2010,6853.996508
Freshwater crustaceans,2011,11110.66613
Freshwater crustaceans,2012,10098.46507
"Herrings, sardines, anchovies",1976,840.6898424
"Herrings, sardines, anchovies",1977,1003.186606
"Herrings, sardines, anchovies",1978,1243.189439
"Herrings, sardines, anchovies",1979,1321.28958
"Herrings, sardines, anchovies",1980,1287.16941
"Herrings, sardines, anchovies",1981,1167.847909
"Herrings, sardines, anchovies",1982,1070.996744
"Herrings, sardines, anchovies",1983,1008.729829
"Herrings, sardines, anchovies",1984,951.9429177
"Herrings, sardines, anchovies",1985,970.8649257
"Herrings, sardines, anchovies",1986,1001.073613
"Herrings, sardines, anchovies",1987,1157.166109
"Herrings, sardines, anchovies",1988,1049.579377
"Herrings, sardines, anchovies",1989,929.6483104
"Herrings, sardines, anchovies",1990,1050.88631
"Herrings, sardines, anchovies",1991,1059.472412
"Herrings, sardines, anchovies",1992,1100.871135
"Herrings, sardines, anchovies",1993,1144.720473
"Herrings, sardines, anchovies",1994,1187.171371
"Herrings, sardines, anchovies",1995,1171.597316
"Herrings, sardines, anchovies",1996,1052.417388
"Herrings, sardines, anchovies",1997,835.6396359
"Herrings, sardines, anchovies",1998,853.9264795
"Herrings, sardines, anchovies",1999,765.0638873
"Herrings, sardines, anchovies",2000,729.9822823
"Herrings, sardines, anchovies",2001,857.8841727
"Herrings, sardines, anchovies",2002,927.4083605
"Herrings, sardines, anchovies",2003,1001.801041
"Herrings, sardines, anchovies",2004,1056.038832
"Herrings, sardines, anchovies",2005,1164.944033
"Herrings, sardines, anchovies",2006,1168.07344
"Herrings, sardines, anchovies",2007,1190.715509
"Herrings, sardines, anchovies",2008,1339.067842
"Herrings, sardines, anchovies",2009,1278.077313
"Herrings, sardines, anchovies",2010,1280.387489
"Herrings, sardines, anchovies",2011,1558.913301
"Herrings, sardines, anchovies",2012,1592.438479
"Lobsters, spiny-rock lobsters",1976,7587.736239
"Lobsters, spiny-rock lobsters",1977,8662.042875
"Lobsters, spiny-rock lobsters",1978,9062.076004
"Lobsters, spiny-rock lobsters",1979,9646.585472
"Lobsters, spiny-rock lobsters",1980,9987.361553
"Lobsters, spiny-rock lobsters",1981,10286.63569
"Lobsters, spiny-rock lobsters",1982,10929.20987
"Lobsters, spiny-rock lobsters",1983,10362.2377
"Lobsters, spiny-rock lobsters",1984,10464.64581
"Lobsters, spiny-rock lobsters",1985,10110.6954
"Lobsters, spiny-rock lobsters",1986,10685.67156
"Lobsters, spiny-rock lobsters",1987,12428.62287
"Lobsters, spiny-rock lobsters",1988,12598.68777
"Lobsters, spiny-rock lobsters",1989,11616.40055
"Lobsters, spiny-rock lobsters",1990,11866.02737
"Lobsters, spiny-rock lobsters",1991,12451.13052
"Lobsters, spiny-rock lobsters",1992,13513.40445
"Lobsters, spiny-rock lobsters",1993,11750.26218
"Lobsters, spiny-rock lobsters",1994,12422.47642
"Lobsters, spiny-rock lobsters",1995,13286.06409
"Lobsters, spiny-rock lobsters",1996,13073.71849
"Lobsters, spiny-rock lobsters",1997,12511.28045
"Lobsters, spiny-rock lobsters",1998,12010.93296
"Lobsters, spiny-rock lobsters",1999,12712.23887
"Lobsters, spiny-rock lobsters",2000,13182.23914
"Lobsters, spiny-rock lobsters",2001,12201.53337
"Lobsters, spiny-rock lobsters",2002,13068.86033
"Lobsters, spiny-rock lobsters",2003,13815.33276
"Lobsters, spiny-rock lobsters",2004,14512.93111
"Lobsters, spiny-rock lobsters",2005,16112.07134
"Lobsters, spiny-rock lobsters",2006,16756.02305
"Lobsters, spiny-rock lobsters",2007,17740.30692
"Lobsters, spiny-rock lobsters",2008,17991.05858
"Lobsters, spiny-rock lobsters",2009,15414.0175
"Lobsters, spiny-rock lobsters",2010,16644.15396
"Lobsters, spiny-rock lobsters",2011,17782.09608
"Lobsters, spiny-rock lobsters",2012,16560.49576
Marine fishes not identified,1976,538.9654269
Marine fishes not identified,1977,679.8028418
Marine fishes not identified,1978,764.8970712
Marine fishes not identified,1979,812.3135759
Marine fishes not identified,1980,860.4367626
Marine fishes not identified,1981,841.0156215
Marine fishes not identified,1982,708.5799761
Marine fishes not identified,1983,754.4095346
Marine fishes not identified,1984,714.2314544
Marine fishes not identified,1985,631.2415061
Marine fishes not identified,1986,779.3957881
Marine fishes not identified,1987,895.1248598
Marine fishes not identified,1988,1054.794906
Marine fishes not identified,1989,971.7890088
Marine fishes not identified,1990,1074.534958
Marine fishes not identified,1991,1205.015522
Marine fishes not identified,1992,1298.138584
Marine fishes not identified,1993,1067.819791
Marine fishes not identified,1994,1021.051995
Marine fishes not identified,1995,1190.042875
Marine fishes not identified,1996,1309.276116
Marine fishes not identified,1997,1186.970692
Marine fishes not identified,1998,1307.537556
Marine fishes not identified,1999,1161.218703
Marine fishes not identified,2000,1098.174786
Marine fishes not identified,2001,1098.59121
Marine fishes not identified,2002,1207.307485
Marine fishes not identified,2003,1277.40132
Marine fishes not identified,2004,1342.072559
Marine fishes not identified,2005,1437.76122
Marine fishes not identified,2006,1721.48113
Marine fishes not identified,2007,1943.404601
Marine fishes not identified,2008,2052.248915
Marine fishes not identified,2009,2025.417701
Marine fishes not identified,2010,2321.190342
Marine fishes not identified,2011,2466.379327
Marine fishes not identified,2012,2226.468386
Miscellaneous aquatic invertebrates,1976,1110.892646
Miscellaneous aquatic invertebrates,1977,1212.511224
Miscellaneous aquatic invertebrates,1978,1782.215122
Miscellaneous aquatic invertebrates,1979,917.5164967
Miscellaneous aquatic invertebrates,1980,1631.578947
Miscellaneous aquatic invertebrates,1981,1147.000759
Miscellaneous aquatic invertebrates,1982,1663.217796
Miscellaneous aquatic invertebrates,1983,1551.098658
Miscellaneous aquatic invertebrates,1984,1719.733079
Miscellaneous aquatic invertebrates,1985,1466.385899
Miscellaneous aquatic invertebrates,1986,1791.249392
Miscellaneous aquatic invertebrates,1987,2292.369568
Miscellaneous aquatic invertebrates,1988,2918.897259
Miscellaneous aquatic invertebrates,1989,2489.551982
Miscellaneous aquatic invertebrates,1990,2512.88067
Miscellaneous aquatic invertebrates,1991,2450.71524
Miscellaneous aquatic invertebrates,1992,2880.672785
Miscellaneous aquatic invertebrates,1993,3639.256613
Miscellaneous aquatic invertebrates,1994,3545.257346
Miscellaneous aquatic invertebrates,1995,3541.611972
Miscellaneous aquatic invertebrates,1996,4028.916124
Miscellaneous aquatic invertebrates,1997,3658.020457
Miscellaneous aquatic invertebrates,1998,3129.083267
Miscellaneous aquatic invertebrates,1999,2887.078238
Miscellaneous aquatic invertebrates,2000,2939.678088
Miscellaneous aquatic invertebrates,2001,3057.680059
Miscellaneous aquatic invertebrates,2002,2721.90067
Miscellaneous aquatic invertebrates,2003,2572.398713
Miscellaneous aquatic invertebrates,2004,2880.424868
Miscellaneous aquatic invertebrates,2005,3512.033657
Miscellaneous aquatic invertebrates,2006,3594.645823
Miscellaneous aquatic invertebrates,2007,4103.056694
Miscellaneous aquatic invertebrates,2008,4569.077158
Miscellaneous aquatic invertebrates,2009,4422.589573
Miscellaneous aquatic invertebrates,2010,4736.780215
Miscellaneous aquatic invertebrates,2011,4331.017163
Miscellaneous aquatic invertebrates,2012,4308.555641
Miscellaneous coastal fishes,1976,1870.633631
Miscellaneous coastal fishes,1977,2160.21485
Miscellaneous coastal fishes,1978,2289.207613
Miscellaneous coastal fishes,1979,2691.321096
Miscellaneous coastal fishes,1980,2988.977932
Miscellaneous coastal fishes,1981,2802.205327
Miscellaneous coastal fishes,1982,2015.991261
Miscellaneous coastal fishes,1983,1579.838764
Miscellaneous coastal fishes,1984,1320.015689
Miscellaneous coastal fishes,1985,1322.574491
Miscellaneous coastal fishes,1986,1850.875028
Miscellaneous coastal fishes,1987,1921.913064
Miscellaneous coastal fishes,1988,2099.1391
Miscellaneous coastal fishes,1989,2313.380101
Miscellaneous coastal fishes,1990,2611.986279
Miscellaneous coastal fishes,1991,2941.786744
Miscellaneous coastal fishes,1992,2778.068519
Miscellaneous coastal fishes,1993,2853.12241
Miscellaneous coastal fishes,1994,3097.726212
Miscellaneous coastal fishes,1995,2647.668834
Miscellaneous coastal fishes,1996,3013.621275
Miscellaneous coastal fishes,1997,2820.378947
Miscellaneous coastal fishes,1998,2634.221184
Miscellaneous coastal fishes,1999,3155.076394
Miscellaneous coastal fishes,2000,2497.029548
Miscellaneous coastal fishes,2001,2435.000675
Miscellaneous coastal fishes,2002,2674.826168
Miscellaneous coastal fishes,2003,2757.205527
Miscellaneous coastal fishes,2004,3182.13379
Miscellaneous coastal fishes,2005,3180.605429
Miscellaneous coastal fishes,2006,3250.92689
Miscellaneous coastal fishes,2007,3554.775247
Miscellaneous coastal fishes,2008,3824.209685
Miscellaneous coastal fishes,2009,3058.626224
Miscellaneous coastal fishes,2010,3066.276244
Miscellaneous coastal fishes,2011,3625.229109
Miscellaneous coastal fishes,2012,4576.625815
Miscellaneous demersal fishes,1976,1333.859652
Miscellaneous demersal fishes,1977,1078.695932
Miscellaneous demersal fishes,1978,1530.028944
Miscellaneous demersal fishes,1979,1483.323768
Miscellaneous demersal fishes,1980,1315.772064
Miscellaneous demersal fishes,1981,1223.921697
Miscellaneous demersal fishes,1982,1454.166791
Miscellaneous demersal fishes,1983,1387.153861
Miscellaneous demersal fishes,1984,1628.576189
Miscellaneous demersal fishes,1985,1919.744827
Miscellaneous demersal fishes,1986,2452.536355
Miscellaneous demersal fishes,1987,2908.459305
Miscellaneous demersal fishes,1988,2772.068052
Miscellaneous demersal fishes,1989,2610.65246
Miscellaneous demersal fishes,1990,2780.828382
Miscellaneous demersal fishes,1991,2881.312853
Miscellaneous demersal fishes,1992,2927.477026
Miscellaneous demersal fishes,1993,2798.332274
Miscellaneous demersal fishes,1994,3192.743415
Miscellaneous demersal fishes,1995,3655.292772
Miscellaneous demersal fishes,1996,3446.188465
Miscellaneous demersal fishes,1997,3310.046821
Miscellaneous demersal fishes,1998,3044.616013
Miscellaneous demersal fishes,1999,3140.018076
Miscellaneous demersal fishes,2000,2595.673313
Miscellaneous demersal fishes,2001,2451.14909
Miscellaneous demersal fishes,2002,2634.866633
Miscellaneous demersal fishes,2003,2921.724324
Miscellaneous demersal fishes,2004,2866.989426
Miscellaneous demersal fishes,2005,3031.533109
Miscellaneous demersal fishes,2006,2938.773891
Miscellaneous demersal fishes,2007,3429.869875
Miscellaneous demersal fishes,2008,3811.582745
Miscellaneous demersal fishes,2009,3545.144066
Miscellaneous demersal fishes,2010,3446.228579
Miscellaneous demersal fishes,2011,3983.540163
Miscellaneous demersal fishes,2012,3701.716148
Miscellaneous diadromous fishes,1976,2054.616653
Miscellaneous diadromous fishes,1977,2227.050516
Miscellaneous diadromous fishes,1978,2780.646395
Miscellaneous diadromous fishes,1979,3612.373737
Miscellaneous diadromous fishes,1980,3717.535272
Miscellaneous diadromous fishes,1981,3397.122503
Miscellaneous diadromous fishes,1982,2882.68341
Miscellaneous diadromous fishes,1983,2884.396783
Miscellaneous diadromous fishes,1984,2934.878899
Miscellaneous diadromous fishes,1985,2730.875069
Miscellaneous diadromous fishes,1986,4079.298296
Miscellaneous diadromous fishes,1987,4364.349855
Miscellaneous diadromous fishes,1988,8146.972713
Miscellaneous diadromous fishes,1989,9437.820513
Miscellaneous diadromous fishes,1990,7558.144848
Miscellaneous diadromous fishes,1991,11357.37045
Miscellaneous diadromous fishes,1992,11414.41088
Miscellaneous diadromous fishes,1993,9366.739606
Miscellaneous diadromous fishes,1994,10756.23981
Miscellaneous diadromous fishes,1995,9912.48811
Miscellaneous diadromous fishes,1996,8350
Miscellaneous diadromous fishes,1997,6937.65522
Miscellaneous diadromous fishes,1998,5967.499523
Miscellaneous diadromous fishes,1999,6012.10063
Miscellaneous diadromous fishes,2000,6440.836706
Miscellaneous diadromous fishes,2001,5876.681388
Miscellaneous diadromous fishes,2002,6133.447168
Miscellaneous diadromous fishes,2003,6257.131114
Miscellaneous diadromous fishes,2004,6069.564591
Miscellaneous diadromous fishes,2005,6670.19727
Miscellaneous diadromous fishes,2006,6318.582683
Miscellaneous diadromous fishes,2007,6877.912751
Miscellaneous diadromous fishes,2008,7828.204318
Miscellaneous diadromous fishes,2009,8080.627706
Miscellaneous diadromous fishes,2010,8930.010195
Miscellaneous diadromous fishes,2011,8743.887415
Miscellaneous diadromous fishes,2012,8671.792556
Miscellaneous freshwater fishes,1976,1818.246534
Miscellaneous freshwater fishes,1977,2092.209857
Miscellaneous freshwater fishes,1978,2102.414404
Miscellaneous freshwater fishes,1979,2481.616377
Miscellaneous freshwater fishes,1980,2328.823829
Miscellaneous freshwater fishes,1981,2450.696692
Miscellaneous freshwater fishes,1982,2510.628838
Miscellaneous freshwater fishes,1983,2563.810624
Miscellaneous freshwater fishes,1984,3066.623569
Miscellaneous freshwater fishes,1985,2768.123482
Miscellaneous freshwater fishes,1986,3146.152392
Miscellaneous freshwater fishes,1987,3459.87598
Miscellaneous freshwater fishes,1988,3436.675133
Miscellaneous freshwater fishes,1989,3116.401139
Miscellaneous freshwater fishes,1990,3098.649806
Miscellaneous freshwater fishes,1991,3111.946924
Miscellaneous freshwater fishes,1992,2269.408328
Miscellaneous freshwater fishes,1993,2642.088529
Miscellaneous freshwater fishes,1994,2571.503233
Miscellaneous freshwater fishes,1995,2628.709084
Miscellaneous freshwater fishes,1996,3052.482563
Miscellaneous freshwater fishes,1997,3145.982516
Miscellaneous freshwater fishes,1998,2940.690091
Miscellaneous freshwater fishes,1999,3014.1931
Miscellaneous freshwater fishes,2000,2661.614076
Miscellaneous freshwater fishes,2001,3048.338831
Miscellaneous freshwater fishes,2002,3026.405431
Miscellaneous freshwater fishes,2003,2984.849147
Miscellaneous freshwater fishes,2004,2987.235515
Miscellaneous freshwater fishes,2005,3342.432509
Miscellaneous freshwater fishes,2006,3487.605641
Miscellaneous freshwater fishes,2007,3830.343664
Miscellaneous freshwater fishes,2008,3884.133562
Miscellaneous freshwater fishes,2009,4279.722225
Miscellaneous freshwater fishes,2010,3873.189189
Miscellaneous freshwater fishes,2011,4547.431948
Miscellaneous freshwater fishes,2012,3679.919002
Miscellaneous marine crustaceans,1976,2526.391089
Miscellaneous marine crustaceans,1977,2259.590047
Miscellaneous marine crustaceans,1978,2736.284202
Miscellaneous marine crustaceans,1979,3577.36377
Miscellaneous marine crustaceans,1980,3689.100406
Miscellaneous marine crustaceans,1981,3599.438188
Miscellaneous marine crustaceans,1982,3532.48978
Miscellaneous marine crustaceans,1983,3349.595304
Miscellaneous marine crustaceans,1984,2639.303254
Miscellaneous marine crustaceans,1985,2627.461719
Miscellaneous marine crustaceans,1986,2902.74686
Miscellaneous marine crustaceans,1987,3089.222053
Miscellaneous marine crustaceans,1988,4073.797931
Miscellaneous marine crustaceans,1989,3370.356826
Miscellaneous marine crustaceans,1990,3238.318841
Miscellaneous marine crustaceans,1991,2429.017894
Miscellaneous marine crustaceans,1992,3800.267201
Miscellaneous marine crustaceans,1993,3054.355666
Miscellaneous marine crustaceans,1994,3315.643742
Miscellaneous marine crustaceans,1995,5335.747602
Miscellaneous marine crustaceans,1996,5405.10123
Miscellaneous marine crustaceans,1997,4426.745317
Miscellaneous marine crustaceans,1998,3156.850689
Miscellaneous marine crustaceans,1999,2657.393133
Miscellaneous marine crustaceans,2000,2536.71072
Miscellaneous marine crustaceans,2001,2721.283222
Miscellaneous marine crustaceans,2002,3501.013544
Miscellaneous marine crustaceans,2003,2596.207455
Miscellaneous marine crustaceans,2004,2623.288567
Miscellaneous marine crustaceans,2005,3234.663569
Miscellaneous marine crustaceans,2006,2133.309658
Miscellaneous marine crustaceans,2007,1926.13907
Miscellaneous marine crustaceans,2008,2637.875412
Miscellaneous marine crustaceans,2009,2630.658986
Miscellaneous marine crustaceans,2010,2292.005502
Miscellaneous marine crustaceans,2011,2692.950241
Miscellaneous marine crustaceans,2012,3260.686501
Miscellaneous marine molluscs,1976,878.2659249
Miscellaneous marine molluscs,1977,1245.793159
Miscellaneous marine molluscs,1978,1040.633447
Miscellaneous marine molluscs,1979,1162.928086
Miscellaneous marine molluscs,1980,1503.672107
Miscellaneous marine molluscs,1981,1530.091447
Miscellaneous marine molluscs,1982,1460.106207
Miscellaneous marine molluscs,1983,1777.897138
Miscellaneous marine molluscs,1984,1813.131922
Miscellaneous marine molluscs,1985,1859.955031
Miscellaneous marine molluscs,1986,2615.848518
Miscellaneous marine molluscs,1987,3077.16277
Miscellaneous marine molluscs,1988,2968.75326
Miscellaneous marine molluscs,1989,2841.204739
Miscellaneous marine molluscs,1990,3195.230035
Miscellaneous marine molluscs,1991,3350.78445
Miscellaneous marine molluscs,1992,3388.321928
Miscellaneous marine molluscs,1993,2516.939246
Miscellaneous marine molluscs,1994,2536.74171
Miscellaneous marine molluscs,1995,2801.805962
Miscellaneous marine molluscs,1996,2635.888023
Miscellaneous marine molluscs,1997,3284.254983
Miscellaneous marine molluscs,1998,2812.551201
Miscellaneous marine molluscs,1999,1911.105355
Miscellaneous marine molluscs,2000,1936.070386
Miscellaneous marine molluscs,2001,2678.687786
Miscellaneous marine molluscs,2002,2004.300457
Miscellaneous marine molluscs,2003,2701.190983
Miscellaneous marine molluscs,2004,3228.26691
Miscellaneous marine molluscs,2005,3542.172883
Miscellaneous marine molluscs,2006,3567.746514
Miscellaneous marine molluscs,2007,4007.41765
Miscellaneous marine molluscs,2008,4189.656004
Miscellaneous marine molluscs,2009,4445.52209
Miscellaneous marine molluscs,2010,5346.042791
Miscellaneous marine molluscs,2011,5294.034299
Miscellaneous marine molluscs,2012,4905.170633
Miscellaneous pelagic fishes,1976,573.2927741
Miscellaneous pelagic fishes,1977,671.0672326
Miscellaneous pelagic fishes,1978,554.5649933
Miscellaneous pelagic fishes,1979,507.3225223
Miscellaneous pelagic fishes,1980,595.827836
Miscellaneous pelagic fishes,1981,641.4652168
Miscellaneous pelagic fishes,1982,580.9444069
Miscellaneous pelagic fishes,1983,550.4441779
Miscellaneous pelagic fishes,1984,516.5414313
Miscellaneous pelagic fishes,1985,484.8098363
Miscellaneous pelagic fishes,1986,561.1490142
Miscellaneous pelagic fishes,1987,609.6682967
Miscellaneous pelagic fishes,1988,690.3333688
Miscellaneous pelagic fishes,1989,691.2020467
Miscellaneous pelagic fishes,1990,701.3301225
Miscellaneous pelagic fishes,1991,737.9634594
Miscellaneous pelagic fishes,1992,576.7164948
Miscellaneous pelagic fishes,1993,561.9643443
Miscellaneous pelagic fishes,1994,619.3861429
Miscellaneous pelagic fishes,1995,720.9726686
Miscellaneous pelagic fishes,1996,845.4334043
Miscellaneous pelagic fishes,1997,838.6792368
Miscellaneous pelagic fishes,1998,778.9886012
Miscellaneous pelagic fishes,1999,684.0762247
Miscellaneous pelagic fishes,2000,690.1429728
Miscellaneous pelagic fishes,2001,704.1308099
Miscellaneous pelagic fishes,2002,767.4246034
Miscellaneous pelagic fishes,2003,838.3204195
Miscellaneous pelagic fishes,2004,979.9931838
Miscellaneous pelagic fishes,2005,1098.206734
Miscellaneous pelagic fishes,2006,1106.529511
Miscellaneous pelagic fishes,2007,1224.621115
Miscellaneous pelagic fishes,2008,1415.665491
Miscellaneous pelagic fishes,2009,1284.710972
Miscellaneous pelagic fishes,2010,1438.035579
Miscellaneous pelagic fishes,2011,1834.91748
Miscellaneous pelagic fishes,2012,1667.697938
Mussels,1976,413.8908916
Mussels,1977,479.5738895
Mussels,1978,568.387993
Mussels,1979,826.3443748
Mussels,1980,798.5796769
Mussels,1981,618.542847
Mussels,1982,504.3928877
Mussels,1983,482.015265
Mussels,1984,433.608096
Mussels,1985,463.5654956
Mussels,1986,752.4640672
Mussels,1987,962.7412919
Mussels,1988,1148.718069
Mussels,1989,1040.036002
Mussels,1990,1211.799909
Mussels,1991,1192.298111
Mussels,1992,1105.573792
Mussels,1993,1335.992546
Mussels,1994,1892.606253
Mussels,1995,1953.423582
Mussels,1996,1719.682469
Mussels,1997,1471.138985
Mussels,1998,1403.958096
Mussels,1999,1388.272042
Mussels,2000,1426.926794
Mussels,2001,1534.784704
Mussels,2002,1727.161552
Mussels,2003,1826.643084
Mussels,2004,1965.563743
Mussels,2005,2169.674185
Mussels,2006,2144.214712
Mussels,2007,2377.559666
Mussels,2008,2710.636728
Mussels,2009,2429.512915
Mussels,2010,2249.50327
Mussels,2011,2762.601171
Mussels,2012,2518.040718
Oysters,1976,2619.258168
Oysters,1977,3078.762409
Oysters,1978,3327.43012
Oysters,1979,3667.603874
Oysters,1980,3514.55816
Oysters,1981,2920.08872
Oysters,1982,3025.654794
Oysters,1983,2929.171396
Oysters,1984,2510.39588
Oysters,1985,2706.405344
Oysters,1986,3086.432783
Oysters,1987,3456.818262
Oysters,1988,3955.954805
Oysters,1989,4093.86689
Oysters,1990,3893.927824
Oysters,1991,4428.269917
Oysters,1992,4466.04324
Oysters,1993,5050.571345
Oysters,1994,5109.825181
Oysters,1995,5380.47432
Oysters,1996,4916.395547
Oysters,1997,4250.458661
Oysters,1998,4129.544135
Oysters,1999,4302.585138
Oysters,2000,4136.091888
Oysters,2001,3700.607311
Oysters,2002,2885.221118
Oysters,2003,3064.529368
Oysters,2004,3435.588789
Oysters,2005,3592.061284
Oysters,2006,3993.207516
Oysters,2007,3945.632656
Oysters,2008,3939.277519
Oysters,2009,4156.619697
Oysters,2010,5512.995566
Oysters,2011,6498.634346
Oysters,2012,6377.765948
River eels,1976,2043.640054
River eels,1977,2157.621127
River eels,1978,1761.597418
River eels,1979,2717.124358
River eels,1980,3154.152824
River eels,1981,5805.228885
River eels,1982,7175.197341
River eels,1983,7226.193964
River eels,1984,7172.739786
River eels,1985,6396.950106
River eels,1986,9582.90898
River eels,1987,10099.6329
River eels,1988,12130.83358
River eels,1989,12443.98427
River eels,1990,9726.353829
River eels,1991,11810.10453
River eels,1992,12728.01603
River eels,1993,14586.91997
River eels,1994,15653.44523
River eels,1995,18023.96083
River eels,1996,16121.76481
River eels,1997,15689.57695
River eels,1998,11668.80422
River eels,1999,9795.119843
River eels,2000,9229.073199
River eels,2001,7401.388146
River eels,2002,7618.153232
River eels,2003,7787.538726
River eels,2004,10471.09219
River eels,2005,12756.79439
River eels,2006,11867.50663
River eels,2007,12064.83975
River eels,2008,12596.49356
River eels,2009,11112.719
River eels,2010,14914.97761
River eels,2011,21684.2473
River eels,2012,23180.88562
"Salmons, trouts, smelts",1976,3441.286831
"Salmons, trouts, smelts",1977,3644.026588
"Salmons, trouts, smelts",1978,4161.328203
"Salmons, trouts, smelts",1979,4639.118012
"Salmons, trouts, smelts",1980,4449.728378
"Salmons, trouts, smelts",1981,4438.388894
"Salmons, trouts, smelts",1982,3996.196834
"Salmons, trouts, smelts",1983,3862.141026
"Salmons, trouts, smelts",1984,3892.489762
"Salmons, trouts, smelts",1985,4047.655617
"Salmons, trouts, smelts",1986,4530.546732
"Salmons, trouts, smelts",1987,5556.994855
"Salmons, trouts, smelts",1988,6652.253112
"Salmons, trouts, smelts",1989,5316.122125
"Salmons, trouts, smelts",1990,5529.119238
"Salmons, trouts, smelts",1991,5062.890589
"Salmons, trouts, smelts",1992,5491.462821
"Salmons, trouts, smelts",1993,4614.071747
"Salmons, trouts, smelts",1994,4807.36784
"Salmons, trouts, smelts",1995,4791.071048
"Salmons, trouts, smelts",1996,4177.628064
"Salmons, trouts, smelts",1997,3980.269535
"Salmons, trouts, smelts",1998,3977.14207
"Salmons, trouts, smelts",1999,4184.25543
"Salmons, trouts, smelts",2000,3959.934862
"Salmons, trouts, smelts",2001,3252.493037
"Salmons, trouts, smelts",2002,3294.267303
"Salmons, trouts, smelts",2003,3668.440408
"Salmons, trouts, smelts",2004,3846.975362
"Salmons, trouts, smelts",2005,4247.42943
"Salmons, trouts, smelts",2006,5148.100713
"Salmons, trouts, smelts",2007,5075.67125
"Salmons, trouts, smelts",2008,5247.401193
"Salmons, trouts, smelts",2009,5175.227854
"Salmons, trouts, smelts",2010,6306.157547
"Salmons, trouts, smelts",2011,6451.691193
"Salmons, trouts, smelts",2012,5559.070529
"Scallops, pectens",1976,4548.034125
"Scallops, pectens",1977,3741.76631
"Scallops, pectens",1978,5315.661444
"Scallops, pectens",1979,6706.618962
"Scallops, pectens",1980,7760.210565
"Scallops, pectens",1981,8532.339089
"Scallops, pectens",1982,6715.59322
"Scallops, pectens",1983,9200.305319
"Scallops, pectens",1984,9007.692308
"Scallops, pectens",1985,8116.773002
"Scallops, pectens",1986,9419.47913
"Scallops, pectens",1987,9046.515524
"Scallops, pectens",1988,7438.984849
"Scallops, pectens",1989,6972.710822
"Scallops, pectens",1990,7798.845755
"Scallops, pectens",1991,7497.859428
"Scallops, pectens",1992,6152.149341
"Scallops, pectens",1993,6582.753495
"Scallops, pectens",1994,7136.885415
"Scallops, pectens",1995,7781.99743
"Scallops, pectens",1996,7341.237017
"Scallops, pectens",1997,7352.093601
"Scallops, pectens",1998,7858.749297
"Scallops, pectens",1999,6294.814607
"Scallops, pectens",2000,6191.575915
"Scallops, pectens",2001,6056.083018
"Scallops, pectens",2002,5675.46906
"Scallops, pectens",2003,7005.395192
"Scallops, pectens",2004,7441.864985
"Scallops, pectens",2005,8689.887842
"Scallops, pectens",2006,8935.198192
"Scallops, pectens",2007,8686.745125
"Scallops, pectens",2008,8811.341236
"Scallops, pectens",2009,8705.009501
"Scallops, pectens",2010,8960.440178
"Scallops, pectens",2011,10915.87667
"Scallops, pectens",2012,11234.33324
Sea-urchins and other echinoderms,1976,3803.60134
Sea-urchins and other echinoderms,1977,4680.29138
Sea-urchins and other echinoderms,1978,3781.914894
Sea-urchins and other echinoderms,1979,4405.280057
Sea-urchins and other echinoderms,1980,4206.672091
Sea-urchins and other echinoderms,1981,4558.963872
Sea-urchins and other echinoderms,1982,4559.734513
Sea-urchins and other echinoderms,1983,3001.943844
Sea-urchins and other echinoderms,1984,3026.468156
Sea-urchins and other echinoderms,1985,2722.411128
Sea-urchins and other echinoderms,1986,4727.698966
Sea-urchins and other echinoderms,1987,8507.497566
Sea-urchins and other echinoderms,1988,9687.96714
Sea-urchins and other echinoderms,1989,12259.38289
Sea-urchins and other echinoderms,1990,10458.94548
Sea-urchins and other echinoderms,1991,11208.78521
Sea-urchins and other echinoderms,1992,12382.39217
Sea-urchins and other echinoderms,1993,13897.22006
Sea-urchins and other echinoderms,1994,14157.53888
Sea-urchins and other echinoderms,1995,15631.01385
Sea-urchins and other echinoderms,1996,14151.19917
Sea-urchins and other echinoderms,1997,12015.19001
Sea-urchins and other echinoderms,1998,12122.73942
Sea-urchins and other echinoderms,1999,13843.40337
Sea-urchins and other echinoderms,2000,13423.83466
Sea-urchins and other echinoderms,2001,12090.17785
Sea-urchins and other echinoderms,2002,13505.16078
Sea-urchins and other echinoderms,2003,13242.94743
Sea-urchins and other echinoderms,2004,14842.98852
Sea-urchins and other echinoderms,2005,15438.78268
Sea-urchins and other echinoderms,2006,15602.8599
Sea-urchins and other echinoderms,2007,15471.38716
Sea-urchins and other echinoderms,2008,17523.20276
Sea-urchins and other echinoderms,2009,17497.36297
Sea-urchins and other echinoderms,2010,11406.0617
Sea-urchins and other echinoderms,2011,17169.91553
Sea-urchins and other echinoderms,2012,20150.93245
Shads,1976,333.3333333
Shads,1977,300
Shads,1978,449.2753623
Shads,1979,NA
Shads,1980,2000
Shads,1981,NA
Shads,1982,473.0962577
Shads,1983,454.526404
Shads,1984,443.7840515
Shads,1985,216.9491525
Shads,1986,360.2305476
Shads,1987,381.6425121
Shads,1988,NA
Shads,1989,NA
Shads,1990,NA
Shads,1991,NA
Shads,1992,NA
Shads,1993,NA
Shads,1994,348.2490272
Shads,1995,406.9660862
Shads,1996,334.4594595
Shads,1997,449.9178982
Shads,1998,450.4504505
Shads,1999,229.8387097
Shads,2000,782.6086957
Shads,2001,2444.444444
Shads,2002,1389.830508
Shads,2003,808.4210526
Shads,2004,1547.897196
Shads,2005,364.9193548
Shads,2006,421.7729393
Shads,2007,625.6410256
Shads,2008,819.6721311
Shads,2009,839.8268398
Shads,2010,5666.666667
Shads,2011,6000
Shads,2012,1327.586207
"Sharks, rays, chimaeras",1976,1633.27183
"Sharks, rays, chimaeras",1977,1963.204717
"Sharks, rays, chimaeras",1978,2169.401922
"Sharks, rays, chimaeras",1979,2223.021047
"Sharks, rays, chimaeras",1980,1956.258196
"Sharks, rays, chimaeras",1981,2292.748884
"Sharks, rays, chimaeras",1982,3039.693623
"Sharks, rays, chimaeras",1983,2656.335365
"Sharks, rays, chimaeras",1984,2489.520528
"Sharks, rays, chimaeras",1985,1997.339561
"Sharks, rays, chimaeras",1986,2571.206226
"Sharks, rays, chimaeras",1987,3169.911591
"Sharks, rays, chimaeras",1988,3277.11123
"Sharks, rays, chimaeras",1989,3573.630563
"Sharks, rays, chimaeras",1990,3657.952734
"Sharks, rays, chimaeras",1991,3539.119013
"Sharks, rays, chimaeras",1992,3747.269706
"Sharks, rays, chimaeras",1993,3299.579388
"Sharks, rays, chimaeras",1994,3804.741408
"Sharks, rays, chimaeras",1995,3868.378008
"Sharks, rays, chimaeras",1996,4405.988343
"Sharks, rays, chimaeras",1997,3931.961659
"Sharks, rays, chimaeras",1998,3870.795224
"Sharks, rays, chimaeras",1999,3849.382897
"Sharks, rays, chimaeras",2000,4151.977285
"Sharks, rays, chimaeras",2001,3620.83222
"Sharks, rays, chimaeras",2002,3327.939898
"Sharks, rays, chimaeras",2003,3436.975209
"Sharks, rays, chimaeras",2004,3585.299369
"Sharks, rays, chimaeras",2005,3563.117002
"Sharks, rays, chimaeras",2006,3741.79985
"Sharks, rays, chimaeras",2007,3791.119109
"Sharks, rays, chimaeras",2008,3842.094015
"Sharks, rays, chimaeras",2009,3436.400643
"Sharks, rays, chimaeras",2010,4040.323462
"Sharks, rays, chimaeras",2011,4827.60925
"Sharks, rays, chimaeras",2012,3828.103837
"Shrimps, prawns",1976,3441.112944
"Shrimps, prawns",1977,3798.161236
"Shrimps, prawns",1978,4315.27284
"Shrimps, prawns",1979,5253.073368
"Shrimps, prawns",1980,5070.616211
"Shrimps, prawns",1981,5206.861968
"Shrimps, prawns",1982,5367.462628
"Shrimps, prawns",1983,5473.374946
"Shrimps, prawns",1984,4981.790582
"Shrimps, prawns",1985,4748.353634
"Shrimps, prawns",1986,6022.437995
"Shrimps, prawns",1987,6465.256058
"Shrimps, prawns",1988,6774.159286
"Shrimps, prawns",1989,6426.030572
"Shrimps, prawns",1990,6817.117226
"Shrimps, prawns",1991,6819.291552
"Shrimps, prawns",1992,6795.11485
"Shrimps, prawns",1993,6963.991077
"Shrimps, prawns",1994,7588.634346
"Shrimps, prawns",1995,8452.435831
"Shrimps, prawns",1996,7804.990479
"Shrimps, prawns",1997,7786.294078
"Shrimps, prawns",1998,6879.541593
"Shrimps, prawns",1999,6967.780041
"Shrimps, prawns",2000,7143.435534
"Shrimps, prawns",2001,6269.877821
"Shrimps, prawns",2002,5645.006183
"Shrimps, prawns",2003,5663.578313
"Shrimps, prawns",2004,5517.436313
"Shrimps, prawns",2005,5499.968872
"Shrimps, prawns",2006,5585.422336
"Shrimps, prawns",2007,5777.012277
"Shrimps, prawns",2008,6310.42883
"Shrimps, prawns",2009,6043.160836
"Shrimps, prawns",2010,6333.805298
"Shrimps, prawns",2011,7030.936211
"Shrimps, prawns",2012,7252.141673
"Squids, cuttlefishes, octopuses",1976,1292.100352
"Squids, cuttlefishes, octopuses",1977,1309.567646
"Squids, cuttlefishes, octopuses",1978,1469.614814
"Squids, cuttlefishes, octopuses",1979,1725.1074
"Squids, cuttlefishes, octopuses",1980,1805.558351
"Squids, cuttlefishes, octopuses",1981,1567.774314
"Squids, cuttlefishes, octopuses",1982,1477.125597
"Squids, cuttlefishes, octopuses",1983,1570.704361
"Squids, cuttlefishes, octopuses",1984,1569.321233
"Squids, cuttlefishes, octopuses",1985,1805.473803
"Squids, cuttlefishes, octopuses",1986,2312.132125
"Squids, cuttlefishes, octopuses",1987,2308.827912
"Squids, cuttlefishes, octopuses",1988,2356.561607
"Squids, cuttlefishes, octopuses",1989,2398.863144
"Squids, cuttlefishes, octopuses",1990,2531.254994
"Squids, cuttlefishes, octopuses",1991,2497.83558
"Squids, cuttlefishes, octopuses",1992,2259.26641
"Squids, cuttlefishes, octopuses",1993,1983.928887
"Squids, cuttlefishes, octopuses",1994,2329.494467
"Squids, cuttlefishes, octopuses",1995,2659.730481
"Squids, cuttlefishes, octopuses",1996,2496.355818
"Squids, cuttlefishes, octopuses",1997,2151.284956
"Squids, cuttlefishes, octopuses",1998,2117.494979
"Squids, cuttlefishes, octopuses",1999,2159.53593
"Squids, cuttlefishes, octopuses",2000,2157.27213
"Squids, cuttlefishes, octopuses",2001,1831.067596
"Squids, cuttlefishes, octopuses",2002,1993.708493
"Squids, cuttlefishes, octopuses",2003,2419.20353
"Squids, cuttlefishes, octopuses",2004,2492.71839
"Squids, cuttlefishes, octopuses",2005,2500.980835
"Squids, cuttlefishes, octopuses",2006,2315.782034
"Squids, cuttlefishes, octopuses",2007,2371.077155
"Squids, cuttlefishes, octopuses",2008,2524.872307
"Squids, cuttlefishes, octopuses",2009,2587.934517
"Squids, cuttlefishes, octopuses",2010,3076.468815
"Squids, cuttlefishes, octopuses",2011,3740.627797
"Squids, cuttlefishes, octopuses",2012,3864.569761
"Sturgeons, paddlefishes",1976,8793.21315
"Sturgeons, paddlefishes",1977,15599.28656
"Sturgeons, paddlefishes",1978,19749.04943
"Sturgeons, paddlefishes",1979,91418.23056
"Sturgeons, paddlefishes",1980,86997.08455
"Sturgeons, paddlefishes",1981,110685.1312
"Sturgeons, paddlefishes",1982,100128.2051
"Sturgeons, paddlefishes",1983,113595.1087
"Sturgeons, paddlefishes",1984,110055.8036
"Sturgeons, paddlefishes",1985,116514.6341
"Sturgeons, paddlefishes",1986,151436.1111
"Sturgeons, paddlefishes",1987,160643.0155
"Sturgeons, paddlefishes",1988,146812.3924
"Sturgeons, paddlefishes",1989,194837.8947
"Sturgeons, paddlefishes",1990,209677.3399
"Sturgeons, paddlefishes",1991,190492.9293
"Sturgeons, paddlefishes",1992,188097.2644
"Sturgeons, paddlefishes",1993,140595.6938
"Sturgeons, paddlefishes",1994,151212.8906
"Sturgeons, paddlefishes",1995,155639.604
"Sturgeons, paddlefishes",1996,183323.1707
"Sturgeons, paddlefishes",1997,155398.977
"Sturgeons, paddlefishes",1998,202865.7244
"Sturgeons, paddlefishes",1999,247539.5349
"Sturgeons, paddlefishes",2000,233657.971
"Sturgeons, paddlefishes",2001,298377.2727
"Sturgeons, paddlefishes",2002,354859.2593
"Sturgeons, paddlefishes",2003,457068.7023
"Sturgeons, paddlefishes",2004,345825.5814
"Sturgeons, paddlefishes",2005,412534.5912
"Sturgeons, paddlefishes",2006,574275.2294
"Sturgeons, paddlefishes",2007,270688.5965
"Sturgeons, paddlefishes",2008,435887.218
"Sturgeons, paddlefishes",2009,71171.24736
"Sturgeons, paddlefishes",2010,235153.11
"Sturgeons, paddlefishes",2011,154382.3529
"Sturgeons, paddlefishes",2012,76046.57795
Tilapias and other cichlids,1976,NA
Tilapias and other cichlids,1977,NA
Tilapias and other cichlids,1978,NA
Tilapias and other cichlids,1979,NA
Tilapias and other cichlids,1980,NA
Tilapias and other cichlids,1981,NA
Tilapias and other cichlids,1982,NA
Tilapias and other cichlids,1983,NA
Tilapias and other cichlids,1984,NA
Tilapias and other cichlids,1985,NA
Tilapias and other cichlids,1986,NA
Tilapias and other cichlids,1987,NA
Tilapias and other cichlids,1988,NA
Tilapias and other cichlids,1989,NA
Tilapias and other cichlids,1990,873.4177215
Tilapias and other cichlids,1991,NA
Tilapias and other cichlids,1992,NA
Tilapias and other cichlids,1993,2357.575758
Tilapias and other cichlids,1994,2652.67434
Tilapias and other cichlids,1995,2750
Tilapias and other cichlids,1996,1934.834406
Tilapias and other cichlids,1997,1367.959661
Tilapias and other cichlids,1998,1203.221536
Tilapias and other cichlids,1999,1641.843634
Tilapias and other cichlids,2000,1659.062593
Tilapias and other cichlids,2001,1387.74057
Tilapias and other cichlids,2002,1612.746899
Tilapias and other cichlids,2003,1679.340544
Tilapias and other cichlids,2004,1731.34193
Tilapias and other cichlids,2005,2092.30499
Tilapias and other cichlids,2006,2246.024771
Tilapias and other cichlids,2007,2324.597109
Tilapias and other cichlids,2008,3215.164117
Tilapias and other cichlids,2009,2889.191502
Tilapias and other cichlids,2010,3125.930264
Tilapias and other cichlids,2011,3468.048277
Tilapias and other cichlids,2012,3400.861187
"Tunas, bonitos, billfishes",1976,1073.409577
"Tunas, bonitos, billfishes",1977,1221.875591
"Tunas, bonitos, billfishes",1978,1153.097523
"Tunas, bonitos, billfishes",1979,1468.690788
"Tunas, bonitos, billfishes",1980,1833.106775
"Tunas, bonitos, billfishes",1981,2048.503981
"Tunas, bonitos, billfishes",1982,1805.333247
"Tunas, bonitos, billfishes",1983,1397.336906
"Tunas, bonitos, billfishes",1984,1633.995411
"Tunas, bonitos, billfishes",1985,1565.947787
"Tunas, bonitos, billfishes",1986,1515.248432
"Tunas, bonitos, billfishes",1987,1843.075709
"Tunas, bonitos, billfishes",1988,2009.470514
"Tunas, bonitos, billfishes",1989,2087.930327
"Tunas, bonitos, billfishes",1990,1925.023816
"Tunas, bonitos, billfishes",1991,1858.107078
"Tunas, bonitos, billfishes",1992,1945.562025
"Tunas, bonitos, billfishes",1993,2162.414014
"Tunas, bonitos, billfishes",1994,2220.952745
"Tunas, bonitos, billfishes",1995,2381.768514
"Tunas, bonitos, billfishes",1996,2514.072843
"Tunas, bonitos, billfishes",1997,2605.435913
"Tunas, bonitos, billfishes",1998,2396.317798
"Tunas, bonitos, billfishes",1999,2376.471578
"Tunas, bonitos, billfishes",2000,2209.907378
"Tunas, bonitos, billfishes",2001,2314.499677
"Tunas, bonitos, billfishes",2002,2255.999009
"Tunas, bonitos, billfishes",2003,2094.372
"Tunas, bonitos, billfishes",2004,2410.668967
"Tunas, bonitos, billfishes",2005,2469.119818
"Tunas, bonitos, billfishes",2006,2592.997385
"Tunas, bonitos, billfishes",2007,2894.568636
"Tunas, bonitos, billfishes",2008,3449.907511
"Tunas, bonitos, billfishes",2009,3019.866749
"Tunas, bonitos, billfishes",2010,2901.052895
"Tunas, bonitos, billfishes",2011,3585.04258
"Tunas, bonitos, billfishes",2012,4094.132728
