"","Id","Name","Category","Region","Change in biomass (%, 2050)","Change in catch (%, 2050)","Change in fishing mortality (%, 2050)","Change in revenue (%, 2050)","Change in biomass (%, 2080)","Change in catch (%, 2080)","Change in fishing mortality (%, 2080)","Change in revenue (%, 2080)","Subsidies affected ($)","Subsidies affected (%)"
"1","Ambitious Reform","All subsidies","Ambitious Reform","Atlantic Ocean",6.34,-2.3,-8.13,-0.3,6.5,-2.35,-8.3,-0.31,6487348467.04547,65.78
"2","RD/TN/RL/87","IUU (Option A)","IUU","Atlantic Ocean",0.01,0,-0.02,0,0.01,0,-0.02,0,5275124.74220853,0.05
"3","RD/TN/RL/104","IUU (Option B)","IUU","Atlantic Ocean",0.01,0,-0.02,0,0.01,0,-0.02,0,5275124.74220853,0.05
"4","RD/TN/RL/113","Facilitator's working text - IUU","IUU","Atlantic Ocean",0.01,0,-0.01,0,0.01,0,-0.01,0,5274473.36567686,0.05
"5","RD/TN/RL/89/Rev.2","IUU (Option C)","IUU","Atlantic Ocean",0.01,0,-0.02,0,0.01,0,-0.02,0,5275124.74220853,0.05
"6","RD/TN/RL/81","CAP - De minimis","OFOC","Atlantic Ocean",0.25,-0.08,-0.33,-0.01,0.25,-0.08,-0.33,-0.01,215388675.714848,2.18
"7","RD/TN/RL/79/Rev.1","OFOC - Negative effects (Option A)","OFOC","Atlantic Ocean",2.12,-0.77,-2.83,-0.1,2.39,-0.8,-3.11,-0.1,1776351377.04543,18.01
"8","TN/RL/GEN/199","CAP - Optional criteria","OFOC","Atlantic Ocean",0.71,-0.23,-0.93,-0.03,0.73,-0.23,-0.96,-0.03,957750345.015673,9.71
"9","RD/TN/RL/91","OFOC - ABNJ","OFOC","Atlantic Ocean",3.42,-1.25,-4.51,-0.16,3.72,-1.27,-4.82,-0.17,2823360947.68557,28.63
"10","RD/TN/RL/96/Rev.1","OFOC - List approach","OFOC","Atlantic Ocean",1.46,-0.53,-1.96,-0.07,1.65,-0.54,-2.16,-0.07,1802308274.96197,18.27
"11","TN/RL/GEN/197/Rev.2","CAP - Tiers","OFOC","Atlantic Ocean",2.96,-0.99,-3.84,-0.13,2.97,-0.98,-3.84,-0.13,2238121182.99568,22.69
"12","RD/TN/RL/103","OFOC - Vessel characteristics","OFOC","Atlantic Ocean",5.25,-1.89,-6.79,-0.25,5.42,-1.92,-6.96,-0.25,5275988931.24708,53.49
"13","RD/TN/RL/112/Rev.1","OFOC - Prohibition + management","OFOC","Atlantic Ocean",2.12,-0.77,-2.83,-0.1,2.39,-0.8,-3.11,-0.1,1776351377.04543,18.01
"14","RD/TN/RL/121","OFOC - Negative effects + ABNJ","OFOC","Atlantic Ocean",2.41,-0.88,-3.21,-0.11,2.7,-0.91,-3.51,-0.12,2306875454.88417,23.39
"15","RD/TN/RL/124","CAP - Formula","OFOC","Atlantic Ocean",3.52,-1.19,-4.56,-0.16,3.54,-1.19,-4.57,-0.16,2897745875.17254,29.38
"16","RD/TN/RL/124/Rev.1","CAP - Formula (revised)","OFOC","Atlantic Ocean",3.4,-1.15,-4.4,-0.15,3.41,-1.14,-4.4,-0.15,2670917933.17115,27.08
"17","RD/TN/RL/77/Rev.2","Overfished - Negative effects (Option A)","Overfished","Atlantic Ocean",0.96,-0.33,-1.28,-0.04,1.06,-0.34,-1.39,-0.05,998788140.17837,10.13
"18","RD/TN/RL/95","Overfished - Negative effects + rebuttable (Option B)","Overfished","Atlantic Ocean",0.75,-0.26,-1,-0.03,0.85,-0.27,-1.11,-0.04,976530487.998982,9.9
"19","RD/TN/RL/119/Rev.1 | Objective definition","Facilitator's text - Overfished [Objective definition]","Overfished","Atlantic Ocean",2.12,-0.77,-2.83,-0.1,2.39,-0.8,-3.11,-0.1,1776351377.04543,18.01
"20","RD/TN/RL/119/Rev.1 | Relevant authorities","Facilitator's text - Overfished [Relevant authorities]","Overfished","Atlantic Ocean",0.96,-0.33,-1.28,-0.04,1.06,-0.34,-1.39,-0.05,998788140.17837,10.13
"21","TN/RL/GEN/202","Disputed waters","Other & Multiple","Atlantic Ocean",0.04,-0.02,-0.05,0,0.07,-0.03,-0.1,0,222253640.158072,2.25
"22","RD/TN/RL/125","Comprehensive text proposal","Other & Multiple","Atlantic Ocean",4.8,-1.76,-6.26,-0.23,5.09,-1.8,-6.55,-0.24,6099070537.05203,61.84
"23","TN/RL/GEN/200/Rev.1","S&DT","Other & Multiple","Atlantic Ocean",4.03,-1.48,-5.3,-0.19,4.39,-1.53,-5.67,-0.2,5712455828.29432,57.92
"24","RD/TN/RL/126/Rev.2 | Objective definition","Chair's text - Consolidated text (Dec 2020) [Objective definition]","Other & Multiple","Atlantic Ocean",3.11,-1.14,-4.11,-0.15,3.42,-1.17,-4.44,-0.15,2996459112.75092,30.38
"25","RD/TN/RL/126/Rev.2 | Relevant authorities","Chair's text - Consolidated text (Dec 2020) [Relevant authorities]","Other & Multiple","Atlantic Ocean",3.08,-1.12,-4.07,-0.15,3.38,-1.15,-4.38,-0.15,2803970030.66679,28.43
"26","RD/TN/RL/126/Rev.2 | Objective definition + TN/RL/GEN/199","Chair's text - Consolidated text (Dec 2020) [Objective definition + CAP - Optional criteria]","Other & Multiple","Atlantic Ocean",4.62,-1.6,-5.94,-0.21,4.63,-1.59,-5.94,-0.21,3298347150.99413,33.44
"27","RD/TN/RL/126/Rev.2 | Relevant authorities + TN/RL/GEN/199","Chair's text - Consolidated text (Dec 2020) [Relevant authorities + CAP - Optional criteria]","Other & Multiple","Atlantic Ocean",4.61,-1.6,-5.93,-0.21,4.62,-1.59,-5.93,-0.21,3178232024.42991,32.22
"28","RD/TN/RL/126/Rev.2 | Objective definition + TN/RL/GEN/197/Rev.2","Chair's text - Consolidated text (Dec 2020) [Objective definition + CAP - Tiers]","Other & Multiple","Atlantic Ocean",5.5,-1.95,-7.06,-0.26,5.52,-1.94,-7.06,-0.25,3857790692.39177,39.11
"29","RD/TN/RL/126/Rev.2 | Relevant authorities + TN/RL/GEN/197/Rev.2","Chair's text - Consolidated text (Dec 2020) [Relevant authorities + CAP - Tiers]","Other & Multiple","Atlantic Ocean",5.5,-1.95,-7.06,-0.26,5.52,-1.94,-7.06,-0.25,3765709346.94251,38.18
"30","RD/TN/RL/126/Rev.2 | Objective definition + RD/TN/RL/81","Chair's text - Consolidated text (Dec 2020) [Objective definition + CAP - De minimis]","Other & Multiple","Atlantic Ocean",4.62,-1.6,-5.94,-0.21,4.63,-1.59,-5.94,-0.21,3000425128.4644,30.42
"31","RD/TN/RL/126/Rev.2 | Relevant authorities + RD/TN/RL/81","Chair's text - Consolidated text (Dec 2020) [Relevant authorities + CAP - De minimis]","Other & Multiple","Atlantic Ocean",4.61,-1.6,-5.93,-0.21,4.62,-1.59,-5.93,-0.21,2807936046.38028,28.47
"32","RD/TN/RL/126/Rev.2 | Objective definition + RD/TN/RL/124","Chair's text - Consolidated text (Dec 2020) [Objective definition + CAP - Formula]","Other & Multiple","Atlantic Ocean",5.69,-2.01,-7.29,-0.27,5.7,-2.01,-7.29,-0.26,4273866411.11278,43.33
"33","RD/TN/RL/126/Rev.2 | Relevant authorities + RD/TN/RL/124","Chair's text - Consolidated text (Dec 2020) [Relevant authorities + CAP - Formula]","Other & Multiple","Atlantic Ocean",5.68,-2.01,-7.28,-0.27,5.7,-2.01,-7.29,-0.26,4190903997.95929,42.49
"34","RD/TN/RL/136","Artisanal - Exemption","Other & Multiple","Atlantic Ocean",3.08,-1.12,-4.07,-0.15,3.38,-1.15,-4.38,-0.15,2792971088.71024,28.32
"35","TN/RL/W/276/Rev.1 | Full exemption + S&DT for all developing countries","Chair's text - June 2021 [Full exemption + S&DT for all developing countries]","Other & Multiple","Atlantic Ocean",2.04,-0.74,-2.72,-0.1,2.28,-0.76,-2.98,-0.1,2069261295.13097,20.98
"36","TN/RL/W/276/Rev.1 | Full exemption","Chair's text - June 2021 [Full exemption]","Other & Multiple","Atlantic Ocean",3.08,-1.12,-4.07,-0.15,3.38,-1.15,-4.38,-0.15,2803970030.66679,28.43
"37","TN/RL/W/276/Rev.1 | Managed exemption","Chair's text - June 2021 [Managed exemption]","Other & Multiple","Atlantic Ocean",3.83,-1.39,-5.03,-0.18,4.09,-1.41,-5.28,-0.18,3003727897.86604,30.46
"38","TN/RL/W/276/Rev.1 | Sustainability scenario","Chair's text - June 2021 [Sustainability scenario]","Other & Multiple","Atlantic Ocean",5.97,-2.15,-7.66,-0.28,6.09,-2.18,-7.8,-0.29,6231528611.09727,63.18
"39","WT/MIN(21)/W/5 | Full exemption","Chair's text - Nov 2021 [Full exemption]","Other & Multiple","Atlantic Ocean",0.9,-0.31,-1.21,-0.04,1.01,-0.33,-1.32,-0.04,989839149.18228,10.04
"40","WT/MIN(21)/W/5 | Managed exemption","Chair's text - Nov 2021 [Managed exemption]","Other & Multiple","Atlantic Ocean",3.3,-1.2,-4.36,-0.16,3.55,-1.21,-4.6,-0.16,2030424903.15285,20.59
"41","WT/MIN(21)/W/5 | Sustainability scenario","Chair's text - Nov 2021 [Sustainability scenario]","Other & Multiple","Atlantic Ocean",5.97,-2.15,-7.66,-0.28,6.09,-2.18,-7.8,-0.29,6231528611.09727,63.18
"42","WT/MIN(21)/W/5 | Full exemption for domestic only","Chair's text - Nov 2021 [Full exemption for domestic only]","Other & Multiple","Atlantic Ocean",2.69,-0.98,-3.57,-0.13,2.99,-1.01,-3.89,-0.13,2538141816.78333,25.73
"43","WT/MIN(21)/W/5 | Managed exemption for domestic only","Chair's text - Nov 2021 [Managed exemption for domestic only]","Other & Multiple","Atlantic Ocean",3.34,-1.21,-4.4,-0.16,3.61,-1.23,-4.68,-0.16,2715513462.63751,27.53
"44","WT/MIN(22)/W/20","Chair's text - June 2022","Other & Multiple","Atlantic Ocean",2.88,-1.05,-3.82,-0.14,3.17,-1.07,-4.12,-0.14,2535918674.88995,25.71
"45","WT/MIN(22)/W/22","Final Fisheries Subsidies Agreement","Other & Multiple","Atlantic Ocean",2.38,-0.87,-3.17,-0.11,2.65,-0.89,-3.45,-0.12,2114413110.94752,21.44
"46","Ambitious Reform","All subsidies","Ambitious Reform","Indian Ocean",6.83,1.08,-5.39,0.14,6.86,1.08,-5.41,0.14,1504925255.70165,70.95
"47","RD/TN/RL/87","IUU (Option A)","IUU","Indian Ocean",0,0,0,0,0,0,0,0,354891.458239475,0.02
"48","RD/TN/RL/104","IUU (Option B)","IUU","Indian Ocean",0,0,0,0,0,0,0,0,354891.458239475,0.02
"49","RD/TN/RL/113","Facilitator's working text - IUU","IUU","Indian Ocean",0,0,0,0,0,0,0,0,354891.458239475,0.02
"50","RD/TN/RL/89/Rev.2","IUU (Option C)","IUU","Indian Ocean",0,0,0,0,0,0,0,0,354891.458239475,0.02
"51","RD/TN/RL/81","CAP - De minimis","OFOC","Indian Ocean",0.06,0.01,-0.05,0,0.06,0.01,-0.05,0,23260815.8908933,1.1
"52","RD/TN/RL/79/Rev.1","OFOC - Negative effects (Option A)","OFOC","Indian Ocean",0,0,0,0,0,0,0,0,12551965.1920829,0.59
"53","TN/RL/GEN/199","CAP - Optional criteria","OFOC","Indian Ocean",1.05,0.19,-0.84,0.03,1.05,0.19,-0.85,0.03,253699890.816283,11.96
"54","RD/TN/RL/91","OFOC - ABNJ","OFOC","Indian Ocean",8.37,-5.47,-12.77,-0.73,8.37,-5.47,-12.77,-0.73,896239497.395251,42.26
"55","RD/TN/RL/96/Rev.1","OFOC - List approach","OFOC","Indian Ocean",1.94,-2.92,-4.77,-0.39,1.95,-2.93,-4.78,-0.39,498271428.634267,23.49
"56","TN/RL/GEN/197/Rev.2","CAP - Tiers","OFOC","Indian Ocean",3.36,0.58,-2.68,0.08,3.36,0.59,-2.69,0.08,683844773.93814,32.24
"57","RD/TN/RL/103","OFOC - Vessel characteristics","OFOC","Indian Ocean",5.85,-0.15,-5.67,-0.02,5.85,-0.15,-5.67,-0.02,1062410787.80821,50.09
"58","RD/TN/RL/112/Rev.1","OFOC - Prohibition + management","OFOC","Indian Ocean",0,0,0,0,0,0,0,0,12551965.1920829,0.59
"59","RD/TN/RL/121","OFOC - Negative effects + ABNJ","OFOC","Indian Ocean",8.3,-5.45,-12.7,-0.73,8.3,-5.45,-12.7,-0.73,852843303.099548,40.21
"60","RD/TN/RL/124","CAP - Formula","OFOC","Indian Ocean",4.51,0.76,-3.59,0.1,4.53,0.76,-3.61,0.1,977670288.950203,46.1
"61","RD/TN/RL/124/Rev.1","CAP - Formula (revised)","OFOC","Indian Ocean",4.39,0.74,-3.49,0.1,4.4,0.74,-3.51,0.1,938070885.562264,44.23
"62","RD/TN/RL/77/Rev.2","Overfished - Negative effects (Option A)","Overfished","Indian Ocean",0,0,0,0,0,0,0,0,0,0
"63","RD/TN/RL/95","Overfished - Negative effects + rebuttable (Option B)","Overfished","Indian Ocean",0,0,0,0,0,0,0,0,0,0
"64","RD/TN/RL/119/Rev.1 | Objective definition","Facilitator's text - Overfished [Objective definition]","Overfished","Indian Ocean",0,0,0,0,0,0,0,0,12551965.1920829,0.59
"65","RD/TN/RL/119/Rev.1 | Relevant authorities","Facilitator's text - Overfished [Relevant authorities]","Overfished","Indian Ocean",0,0,0,0,0,0,0,0,0,0
"66","TN/RL/GEN/202","Disputed waters","Other & Multiple","Indian Ocean",0,0,0,0,0,0,0,0,287648.828695863,0.01
"67","RD/TN/RL/125","Comprehensive text proposal","Other & Multiple","Indian Ocean",6.4,1.02,-5.06,0.13,6.41,1.02,-5.06,0.13,1432284467.2557,67.53
"68","TN/RL/GEN/200/Rev.1","S&DT","Other & Multiple","Indian Ocean",5.97,0.07,-5.57,0.01,5.98,0.07,-5.57,0.01,1072420548.63783,50.56
"69","RD/TN/RL/126/Rev.2 | Objective definition","Chair's text - Consolidated text (Dec 2020) [Objective definition]","Other & Multiple","Indian Ocean",8.15,-6.19,-13.26,-0.83,8.16,-6.18,-13.26,-0.83,847902669.138159,39.98
"70","RD/TN/RL/126/Rev.2 | Relevant authorities","Chair's text - Consolidated text (Dec 2020) [Relevant authorities]","Other & Multiple","Indian Ocean",8.15,-6.19,-13.26,-0.83,8.16,-6.18,-13.26,-0.83,835502790.903166,39.39
"71","RD/TN/RL/126/Rev.2 | Objective definition + TN/RL/GEN/199","Chair's text - Consolidated text (Dec 2020) [Objective definition + CAP - Optional criteria]","Other & Multiple","Indian Ocean",3.71,0.64,-2.96,0.08,3.74,0.64,-2.98,0.08,901762691.212492,42.52
"72","RD/TN/RL/126/Rev.2 | Relevant authorities + TN/RL/GEN/199","Chair's text - Consolidated text (Dec 2020) [Relevant authorities + CAP - Optional criteria]","Other & Multiple","Indian Ocean",3.71,0.64,-2.96,0.08,3.73,0.64,-2.98,0.08,889364414.313437,41.93
"73","RD/TN/RL/126/Rev.2 | Objective definition + TN/RL/GEN/197/Rev.2","Chair's text - Consolidated text (Dec 2020) [Objective definition + CAP - Tiers]","Other & Multiple","Indian Ocean",4.98,0.83,-3.96,0.11,5,0.83,-3.97,0.11,1103624052.859,52.03
"74","RD/TN/RL/126/Rev.2 | Relevant authorities + TN/RL/GEN/197/Rev.2","Chair's text - Consolidated text (Dec 2020) [Relevant authorities + CAP - Tiers]","Other & Multiple","Indian Ocean",4.98,0.83,-3.96,0.11,5,0.83,-3.97,0.11,1093063162.80623,51.54
"75","RD/TN/RL/126/Rev.2 | Objective definition + RD/TN/RL/81","Chair's text - Consolidated text (Dec 2020) [Objective definition + CAP - De minimis]","Other & Multiple","Indian Ocean",3.47,0.6,-2.78,0.08,3.5,0.61,-2.79,0.08,850036629.635937,40.08
"76","RD/TN/RL/126/Rev.2 | Relevant authorities + RD/TN/RL/81","Chair's text - Consolidated text (Dec 2020) [Relevant authorities + CAP - De minimis]","Other & Multiple","Indian Ocean",3.47,0.6,-2.78,0.08,3.5,0.6,-2.79,0.08,837636751.400944,39.49
"77","RD/TN/RL/126/Rev.2 | Objective definition + RD/TN/RL/124","Chair's text - Consolidated text (Dec 2020) [Objective definition + CAP - Formula]","Other & Multiple","Indian Ocean",5.71,0.93,-4.52,0.12,5.74,0.93,-4.54,0.12,1284146452.43962,60.55
"78","RD/TN/RL/126/Rev.2 | Relevant authorities + RD/TN/RL/124","Chair's text - Consolidated text (Dec 2020) [Relevant authorities + CAP - Formula]","Other & Multiple","Indian Ocean",5.71,0.93,-4.52,0.12,5.74,0.93,-4.54,0.12,1281642200.82592,60.43
"79","RD/TN/RL/136","Artisanal - Exemption","Other & Multiple","Indian Ocean",8.15,-6.19,-13.26,-0.83,8.16,-6.18,-13.26,-0.83,835502790.903166,39.39
"80","TN/RL/W/276/Rev.1 | Full exemption + S&DT for all developing countries","Chair's text - June 2021 [Full exemption + S&DT for all developing countries]","Other & Multiple","Indian Ocean",0.2,0.04,-0.16,0,0.21,0.04,-0.17,0.01,82132588.5905872,3.87
"81","TN/RL/W/276/Rev.1 | Full exemption","Chair's text - June 2021 [Full exemption]","Other & Multiple","Indian Ocean",8.15,-6.19,-13.26,-0.83,8.16,-6.18,-13.26,-0.83,835502790.903166,39.39
"82","TN/RL/W/276/Rev.1 | Managed exemption","Chair's text - June 2021 [Managed exemption]","Other & Multiple","Indian Ocean",5.97,0.07,-5.57,0.01,5.98,0.07,-5.57,0.01,1055611525.62147,49.77
"83","TN/RL/W/276/Rev.1 | Sustainability scenario","Chair's text - June 2021 [Sustainability scenario]","Other & Multiple","Indian Ocean",5.4,0.89,-4.28,0.12,5.43,0.89,-4.3,0.12,1216442118.62047,57.35
"84","WT/MIN(21)/W/5 | Full exemption","Chair's text - Nov 2021 [Full exemption]","Other & Multiple","Indian Ocean",0,0,0,0,0,0,0,0,354891.458239475,0.02
"85","WT/MIN(21)/W/5 | Managed exemption","Chair's text - Nov 2021 [Managed exemption]","Other & Multiple","Indian Ocean",3.38,-9.93,-12.87,-1.35,3.37,-9.93,-12.87,-1.36,769907590.958482,36.3
"86","WT/MIN(21)/W/5 | Sustainability scenario","Chair's text - Nov 2021 [Sustainability scenario]","Other & Multiple","Indian Ocean",5.4,0.89,-4.28,0.12,5.43,0.89,-4.3,0.12,1216442118.62047,57.35
"87","WT/MIN(21)/W/5 | Full exemption for domestic only","Chair's text - Nov 2021 [Full exemption for domestic only]","Other & Multiple","Indian Ocean",8.29,-9.09,-16.05,-1.24,8.31,-9.07,-16.05,-1.23,791832803.122285,37.33
"88","WT/MIN(21)/W/5 | Managed exemption for domestic only","Chair's text - Nov 2021 [Managed exemption for domestic only]","Other & Multiple","Indian Ocean",3.38,-9.96,-12.91,-1.36,3.38,-9.99,-12.94,-1.36,966985349.377506,45.59
"89","WT/MIN(22)/W/20","Chair's text - June 2022","Other & Multiple","Indian Ocean",3.38,-9.96,-12.91,-1.36,3.38,-9.99,-12.94,-1.36,966985349.377506,45.59
"90","WT/MIN(22)/W/22","Final Fisheries Subsidies Agreement","Other & Multiple","Indian Ocean",8.3,-5.45,-12.7,-0.73,8.3,-5.45,-12.7,-0.73,840442488.318413,39.63
"91","Ambitious Reform","All subsidies","Ambitious Reform","Pacific Ocean",19.26,6.65,-10.58,0.84,19.26,6.65,-10.58,0.84,12928479249.6677,74.27
"92","RD/TN/RL/87","IUU (Option A)","IUU","Pacific Ocean",0,0,0,0,0,0,0,0,3515044.71125154,0.02
"93","RD/TN/RL/104","IUU (Option B)","IUU","Pacific Ocean",0,0,0,0,0,0,0,0,3515044.71125154,0.02
"94","RD/TN/RL/113","Facilitator's working text - IUU","IUU","Pacific Ocean",0,0,0,0,0,0,0,0,3515044.71125154,0.02
"95","RD/TN/RL/89/Rev.2","IUU (Option C)","IUU","Pacific Ocean",0,0,0,0,0,0,0,0,3515044.71125154,0.02
"96","RD/TN/RL/81","CAP - De minimis","OFOC","Pacific Ocean",0.48,0.19,-0.28,0.03,0.48,0.19,-0.28,0.03,437659735.586582,2.51
"97","RD/TN/RL/79/Rev.1","OFOC - Negative effects (Option A)","OFOC","Pacific Ocean",1.89,0.73,-1.14,0.09,2.12,0.84,-1.25,0.11,2304592261.80168,13.24
"98","TN/RL/GEN/199","CAP - Optional criteria","OFOC","Pacific Ocean",1.79,0.72,-1.05,0.09,1.84,0.74,-1.08,0.1,1894198218.26274,10.88
"99","RD/TN/RL/91","OFOC - ABNJ","OFOC","Pacific Ocean",5.03,1.93,-2.95,0.25,5.28,2.05,-3.06,0.27,4446988857.40546,25.55
"100","RD/TN/RL/96/Rev.1","OFOC - List approach","OFOC","Pacific Ocean",8.41,3.2,-4.81,0.41,8.41,3.2,-4.81,0.41,4804907540.22743,27.6
"101","TN/RL/GEN/197/Rev.2","CAP - Tiers","OFOC","Pacific Ocean",9.73,3.66,-5.53,0.47,9.73,3.66,-5.53,0.47,6337379168.30936,36.41
"102","RD/TN/RL/103","OFOC - Vessel characteristics","OFOC","Pacific Ocean",11.26,4.17,-6.37,0.53,11.3,4.19,-6.39,0.54,9162310231.29636,52.64
"103","RD/TN/RL/112/Rev.1","OFOC - Prohibition + management","OFOC","Pacific Ocean",1.89,0.73,-1.14,0.09,2.12,0.84,-1.25,0.11,2304591671.13774,13.24
"104","RD/TN/RL/121","OFOC - Negative effects + ABNJ","OFOC","Pacific Ocean",3.93,1.5,-2.34,0.19,4.26,1.67,-2.48,0.22,3891515969.61794,22.36
"105","RD/TN/RL/124","CAP - Formula","OFOC","Pacific Ocean",11.04,4.11,-6.25,0.53,11.04,4.11,-6.25,0.53,7346110104.74884,42.2
"106","RD/TN/RL/124/Rev.1","CAP - Formula (revised)","OFOC","Pacific Ocean",10.4,3.89,-5.9,0.5,10.4,3.89,-5.9,0.5,6812873998.00909,39.14
"107","RD/TN/RL/77/Rev.2","Overfished - Negative effects (Option A)","Overfished","Pacific Ocean",0.06,0.02,-0.04,0,0.11,0.04,-0.07,0.01,449818248.611992,2.58
"108","RD/TN/RL/95","Overfished - Negative effects + rebuttable (Option B)","Overfished","Pacific Ocean",0.04,0.01,-0.02,0,0.07,0.03,-0.04,0,314476008.060479,1.81
"109","RD/TN/RL/119/Rev.1 | Objective definition","Facilitator's text - Overfished [Objective definition]","Overfished","Pacific Ocean",1.89,0.73,-1.14,0.09,2.12,0.84,-1.25,0.11,2304592261.80168,13.24
"110","RD/TN/RL/119/Rev.1 | Relevant authorities","Facilitator's text - Overfished [Relevant authorities]","Overfished","Pacific Ocean",0.06,0.02,-0.04,0,0.11,0.04,-0.07,0.01,449818248.611992,2.58
"111","TN/RL/GEN/202","Disputed waters","Other & Multiple","Pacific Ocean",0,0,0,0,0.01,0,0,0,64480301.5216354,0.37
"112","RD/TN/RL/125","Comprehensive text proposal","Other & Multiple","Pacific Ocean",17.77,6.22,-9.81,0.79,17.77,6.22,-9.81,0.79,12726317105.0791,73.11
"113","TN/RL/GEN/200/Rev.1","S&DT","Other & Multiple","Pacific Ocean",9.75,3.64,-5.56,0.47,9.88,3.7,-5.62,0.48,8632049779.40212,49.59
"114","RD/TN/RL/126/Rev.2 | Objective definition","Chair's text - Consolidated text (Dec 2020) [Objective definition]","Other & Multiple","Pacific Ocean",4.42,1.69,-2.61,0.22,4.74,1.85,-2.76,0.24,4586889682.72767,26.35
"115","RD/TN/RL/126/Rev.2 | Relevant authorities","Chair's text - Consolidated text (Dec 2020) [Relevant authorities]","Other & Multiple","Pacific Ocean",4.43,1.7,-2.62,0.22,4.73,1.85,-2.75,0.24,4526564683.97245,26
"116","RD/TN/RL/126/Rev.2 | Objective definition + TN/RL/GEN/199","Chair's text - Consolidated text (Dec 2020) [Objective definition + CAP - Optional criteria]","Other & Multiple","Pacific Ocean",6.93,2.67,-3.98,0.34,6.93,2.67,-3.98,0.34,5211733973.06887,29.94
"117","RD/TN/RL/126/Rev.2 | Relevant authorities + TN/RL/GEN/199","Chair's text - Consolidated text (Dec 2020) [Relevant authorities + CAP - Optional criteria]","Other & Multiple","Pacific Ocean",6.91,2.67,-3.97,0.34,6.9,2.66,-3.97,0.34,5196872480.69388,29.86
"118","RD/TN/RL/126/Rev.2 | Objective definition + TN/RL/GEN/197/Rev.2","Chair's text - Consolidated text (Dec 2020) [Objective definition + CAP - Tiers]","Other & Multiple","Pacific Ocean",10.08,3.78,-5.72,0.49,10.08,3.78,-5.72,0.49,7031450937.89529,40.4
"119","RD/TN/RL/126/Rev.2 | Relevant authorities + TN/RL/GEN/197/Rev.2","Chair's text - Consolidated text (Dec 2020) [Relevant authorities + CAP - Tiers]","Other & Multiple","Pacific Ocean",10.06,3.77,-5.71,0.48,10.06,3.77,-5.71,0.48,7030623774.29826,40.39
"120","RD/TN/RL/126/Rev.2 | Objective definition + RD/TN/RL/81","Chair's text - Consolidated text (Dec 2020) [Objective definition + CAP - De minimis]","Other & Multiple","Pacific Ocean",6.36,2.46,-3.66,0.32,6.36,2.46,-3.66,0.32,4600210614.88124,26.43
"121","RD/TN/RL/126/Rev.2 | Relevant authorities + RD/TN/RL/81","Chair's text - Consolidated text (Dec 2020) [Relevant authorities + CAP - De minimis]","Other & Multiple","Pacific Ocean",6.33,2.45,-3.65,0.32,6.33,2.45,-3.65,0.32,4539885616.12602,26.08
"122","RD/TN/RL/126/Rev.2 | Objective definition + RD/TN/RL/124","Chair's text - Consolidated text (Dec 2020) [Objective definition + CAP - Formula]","Other & Multiple","Pacific Ocean",10.95,4.07,-6.2,0.52,10.95,4.07,-6.2,0.52,7727250680.89866,44.39
"123","RD/TN/RL/126/Rev.2 | Relevant authorities + RD/TN/RL/124","Chair's text - Consolidated text (Dec 2020) [Relevant authorities + CAP - Formula]","Other & Multiple","Pacific Ocean",10.95,4.07,-6.2,0.52,10.95,4.07,-6.2,0.52,7741756694.68062,44.48
"124","RD/TN/RL/136","Artisanal - Exemption","Other & Multiple","Pacific Ocean",4.41,1.69,-2.61,0.22,4.7,1.83,-2.74,0.24,4395543955.46355,25.25
"125","TN/RL/W/276/Rev.1 | Full exemption + S&DT for all developing countries","Chair's text - June 2021 [Full exemption + S&DT for all developing countries]","Other & Multiple","Pacific Ocean",1.23,0.49,-0.73,0.06,1.3,0.52,-0.77,0.07,1528143109.40163,8.78
"126","TN/RL/W/276/Rev.1 | Full exemption","Chair's text - June 2021 [Full exemption]","Other & Multiple","Pacific Ocean",4.43,1.7,-2.62,0.22,4.73,1.85,-2.75,0.24,4526564683.97245,26
"127","TN/RL/W/276/Rev.1 | Managed exemption","Chair's text - June 2021 [Managed exemption]","Other & Multiple","Pacific Ocean",9.74,3.64,-5.55,0.47,9.87,3.7,-5.61,0.47,6814648666.44694,39.15
"128","TN/RL/W/276/Rev.1 | Sustainability scenario","Chair's text - June 2021 [Sustainability scenario]","Other & Multiple","Pacific Ocean",13.16,4.8,-7.39,0.61,13.16,4.8,-7.39,0.61,9613867216.87974,55.23
"129","WT/MIN(21)/W/5 | Full exemption","Chair's text - Nov 2021 [Full exemption]","Other & Multiple","Pacific Ocean",0.06,0.02,-0.04,0,0.11,0.04,-0.07,0.01,453230595.477166,2.6
"130","WT/MIN(21)/W/5 | Managed exemption","Chair's text - Nov 2021 [Managed exemption]","Other & Multiple","Pacific Ocean",14.94,5.36,-8.34,0.68,14.96,5.37,-8.34,0.68,8232446514.68204,47.3
"131","WT/MIN(21)/W/5 | Sustainability scenario","Chair's text - Nov 2021 [Sustainability scenario]","Other & Multiple","Pacific Ocean",13.16,4.8,-7.39,0.61,13.16,4.8,-7.39,0.61,9613867216.87974,55.23
"132","WT/MIN(21)/W/5 | Full exemption for domestic only","Chair's text - Nov 2021 [Full exemption for domestic only]","Other & Multiple","Pacific Ocean",4.13,1.58,-2.45,0.2,4.45,1.74,-2.6,0.23,4477566504.9509,25.72
"133","WT/MIN(21)/W/5 | Managed exemption for domestic only","Chair's text - Nov 2021 [Managed exemption for domestic only]","Other & Multiple","Pacific Ocean",15.01,5.38,-8.38,0.69,15.08,5.4,-8.41,0.69,9440712389.33714,54.24
"134","WT/MIN(22)/W/20","Chair's text - June 2022","Other & Multiple","Pacific Ocean",15.01,5.38,-8.38,0.69,15.08,5.4,-8.41,0.69,9435658773.43989,54.21
"135","WT/MIN(22)/W/22","Final Fisheries Subsidies Agreement","Other & Multiple","Pacific Ocean",3.93,1.5,-2.34,0.19,4.25,1.67,-2.48,0.22,3825387991.99014,21.98
